id,date,day,month,year,day_name,month_name,quarter,week_number,year_month,is_weekend
1,2023-01-01,1,1,2023,Sunday,January,1,52,2023-01,True
2,2023-01-02,2,1,2023,Monday,January,1,1,2023-01,False
3,2023-01-03,3,1,2023,Tuesday,January,1,1,2023-01,False
4,2023-01-04,4,1,2023,Wednesday,January,1,1,2023-01,False
5,2023-01-05,5,1,2023,Thursday,January,1,1,2023-01,False
6,2023-01-06,6,1,2023,Friday,January,1,1,2023-01,False
7,2023-01-07,7,1,2023,Saturday,January,1,1,2023-01,True
8,2023-01-08,8,1,2023,Sunday,January,1,1,2023-01,True
9,2023-01-09,9,1,2023,Monday,January,1,2,2023-01,False
10,2023-01-10,10,1,2023,Tuesday,January,1,2,2023-01,False
11,2023-01-11,11,1,2023,Wednesday,January,1,2,2023-01,False
12,2023-01-12,12,1,2023,Thursday,January,1,2,2023-01,False
13,2023-01-13,13,1,2023,Friday,January,1,2,2023-01,False
14,2023-01-14,14,1,2023,Saturday,January,1,2,2023-01,True
15,2023-01-15,15,1,2023,Sunday,January,1,2,2023-01,True
16,2023-01-16,16,1,2023,Monday,January,1,3,2023-01,False
17,2023-01-17,17,1,2023,Tuesday,January,1,3,2023-01,False
18,2023-01-18,18,1,2023,Wednesday,January,1,3,2023-01,False
19,2023-01-19,19,1,2023,Thursday,January,1,3,2023-01,False
20,2023-01-20,20,1,2023,Friday,January,1,3,2023-01,False
21,2023-01-21,21,1,2023,Saturday,January,1,3,2023-01,True
22,2023-01-22,22,1,2023,Sunday,January,1,3,2023-01,True
23,2023-01-23,23,1,2023,Monday,January,1,4,2023-01,False
24,2023-01-24,24,1,2023,Tuesday,January,1,4,2023-01,False
25,2023-01-25,25,1,2023,Wednesday,January,1,4,2023-01,False
26,2023-01-26,26,1,2023,Thursday,January,1,4,2023-01,False
27,2023-01-27,27,1,2023,Friday,January,1,4,2023-01,False
28,2023-01-28,28,1,2023,Saturday,January,1,4,2023-01,True
29,2023-01-29,29,1,2023,Sunday,January,1,4,2023-01,True
30,2023-01-30,30,1,2023,Monday,January,1,5,2023-01,False
31,2023-01-31,31,1,2023,Tuesday,January,1,5,2023-01,False
32,2023-02-01,1,2,2023,Wednesday,February,1,5,2023-02,False
33,2023-02-02,2,2,2023,Thursday,February,1,5,2023-02,False
34,2023-02-03,3,2,2023,Friday,February,1,5,2023-02,False
35,2023-02-04,4,2,2023,Saturday,February,1,5,2023-02,True
36,2023-02-05,5,2,2023,Sunday,February,1,5,2023-02,True
37,2023-02-06,6,2,2023,Monday,February,1,6,2023-02,False
38,2023-02-07,7,2,2023,Tuesday,February,1,6,2023-02,False
39,2023-02-08,8,2,2023,Wednesday,February,1,6,2023-02,False
40,2023-02-09,9,2,2023,Thursday,February,1,6,2023-02,False
41,2023-02-10,10,2,2023,Friday,February,1,6,2023-02,False
42,2023-02-11,11,2,2023,Saturday,February,1,6,2023-02,True
43,2023-02-12,12,2,2023,Sunday,February,1,6,2023-02,True
44,2023-02-13,13,2,2023,Monday,February,1,7,2023-02,False
45,2023-02-14,14,2,2023,Tuesday,February,1,7,2023-02,False
46,2023-02-15,15,2,2023,Wednesday,February,1,7,2023-02,False
47,2023-02-16,16,2,2023,Thursday,February,1,7,2023-02,False
48,2023-02-17,17,2,2023,Friday,February,1,7,2023-02,False
49,2023-02-18,18,2,2023,Saturday,February,1,7,2023-02,True
50,2023-02-19,19,2,2023,Sunday,February,1,7,2023-02,True
51,2023-02-20,20,2,2023,Monday,February,1,8,2023-02,False
52,2023-02-21,21,2,2023,Tuesday,February,1,8,2023-02,False
53,2023-02-22,22,2,2023,Wednesday,February,1,8,2023-02,False
54,2023-02-23,23,2,2023,Thursday,February,1,8,2023-02,False
55,2023-02-24,24,2,2023,Friday,February,1,8,2023-02,False
56,2023-02-25,25,2,2023,Saturday,February,1,8,2023-02,True
57,2023-02-26,26,2,2023,Sunday,February,1,8,2023-02,True
58,2023-02-27,27,2,2023,Monday,February,1,9,2023-02,False
59,2023-02-28,28,2,2023,Tuesday,February,1,9,2023-02,False
60,2023-03-01,1,3,2023,Wednesday,March,1,9,2023-03,False
61,2023-03-02,2,3,2023,Thursday,March,1,9,2023-03,False
62,2023-03-03,3,3,2023,Friday,March,1,9,2023-03,False
63,2023-03-04,4,3,2023,Saturday,March,1,9,2023-03,True
64,2023-03-05,5,3,2023,Sunday,March,1,9,2023-03,True
65,2023-03-06,6,3,2023,Monday,March,1,10,2023-03,False
66,2023-03-07,7,3,2023,Tuesday,March,1,10,2023-03,False
67,2023-03-08,8,3,2023,Wednesday,March,1,10,2023-03,False
68,2023-03-09,9,3,2023,Thursday,March,1,10,2023-03,False
69,2023-03-10,10,3,2023,Friday,March,1,10,2023-03,False
70,2023-03-11,11,3,2023,Saturday,March,1,10,2023-03,True
71,2023-03-12,12,3,2023,Sunday,March,1,10,2023-03,True
72,2023-03-13,13,3,2023,Monday,March,1,11,2023-03,False
73,2023-03-14,14,3,2023,Tuesday,March,1,11,2023-03,False
74,2023-03-15,15,3,2023,Wednesday,March,1,11,2023-03,False
75,2023-03-16,16,3,2023,Thursday,March,1,11,2023-03,False
76,2023-03-17,17,3,2023,Friday,March,1,11,2023-03,False
77,2023-03-18,18,3,2023,Saturday,March,1,11,2023-03,True
78,2023-03-19,19,3,2023,Sunday,March,1,11,2023-03,True
79,2023-03-20,20,3,2023,Monday,March,1,12,2023-03,False
80,2023-03-21,21,3,2023,Tuesday,March,1,12,2023-03,False
81,2023-03-22,22,3,2023,Wednesday,March,1,12,2023-03,False
82,2023-03-23,23,3,2023,Thursday,March,1,12,2023-03,False
83,2023-03-24,24,3,2023,Friday,March,1,12,2023-03,False
84,2023-03-25,25,3,2023,Saturday,March,1,12,2023-03,True
85,2023-03-26,26,3,2023,Sunday,March,1,12,2023-03,True
86,2023-03-27,27,3,2023,Monday,March,1,13,2023-03,False
87,2023-03-28,28,3,2023,Tuesday,March,1,13,2023-03,False
88,2023-03-29,29,3,2023,Wednesday,March,1,13,2023-03,False
89,2023-03-30,30,3,2023,Thursday,March,1,13,2023-03,False
90,2023-03-31,31,3,2023,Friday,March,1,13,2023-03,False
91,2023-04-01,1,4,2023,Saturday,April,2,13,2023-04,True
92,2023-04-02,2,4,2023,Sunday,April,2,13,2023-04,True
93,2023-04-03,3,4,2023,Monday,April,2,14,2023-04,False
94,2023-04-04,4,4,2023,Tuesday,April,2,14,2023-04,False
95,2023-04-05,5,4,2023,Wednesday,April,2,14,2023-04,False
96,2023-04-06,6,4,2023,Thursday,April,2,14,2023-04,False
97,2023-04-07,7,4,2023,Friday,April,2,14,2023-04,False
98,2023-04-08,8,4,2023,Saturday,April,2,14,2023-04,True
99,2023-04-09,9,4,2023,Sunday,April,2,14,2023-04,True
100,2023-04-10,10,4,2023,Monday,April,2,15,2023-04,False
101,2023-04-11,11,4,2023,Tuesday,April,2,15,2023-04,False
102,2023-04-12,12,4,2023,Wednesday,April,2,15,2023-04,False
103,2023-04-13,13,4,2023,Thursday,April,2,15,2023-04,False
104,2023-04-14,14,4,2023,Friday,April,2,15,2023-04,False
105,2023-04-15,15,4,2023,Saturday,April,2,15,2023-04,True
106,2023-04-16,16,4,2023,Sunday,April,2,15,2023-04,True
107,2023-04-17,17,4,2023,Monday,April,2,16,2023-04,False
108,2023-04-18,18,4,2023,Tuesday,April,2,16,2023-04,False
109,2023-04-19,19,4,2023,Wednesday,April,2,16,2023-04,False
110,2023-04-20,20,4,2023,Thursday,April,2,16,2023-04,False
111,2023-04-21,21,4,2023,Friday,April,2,16,2023-04,False
112,2023-04-22,22,4,2023,Saturday,April,2,16,2023-04,True
113,2023-04-23,23,4,2023,Sunday,April,2,16,2023-04,True
114,2023-04-24,24,4,2023,Monday,April,2,17,2023-04,False
115,2023-04-25,25,4,2023,Tuesday,April,2,17,2023-04,False
116,2023-04-26,26,4,2023,Wednesday,April,2,17,2023-04,False
117,2023-04-27,27,4,2023,Thursday,April,2,17,2023-04,False
118,2023-04-28,28,4,2023,Friday,April,2,17,2023-04,False
119,2023-04-29,29,4,2023,Saturday,April,2,17,2023-04,True
120,2023-04-30,30,4,2023,Sunday,April,2,17,2023-04,True
121,2023-05-01,1,5,2023,Monday,May,2,18,2023-05,False
122,2023-05-02,2,5,2023,Tuesday,May,2,18,2023-05,False
123,2023-05-03,3,5,2023,Wednesday,May,2,18,2023-05,False
124,2023-05-04,4,5,2023,Thursday,May,2,18,2023-05,False
125,2023-05-05,5,5,2023,Friday,May,2,18,2023-05,False
126,2023-05-06,6,5,2023,Saturday,May,2,18,2023-05,True
127,2023-05-07,7,5,2023,Sunday,May,2,18,2023-05,True
128,2023-05-08,8,5,2023,Monday,May,2,19,2023-05,False
129,2023-05-09,9,5,2023,Tuesday,May,2,19,2023-05,False
130,2023-05-10,10,5,2023,Wednesday,May,2,19,2023-05,False
131,2023-05-11,11,5,2023,Thursday,May,2,19,2023-05,False
132,2023-05-12,12,5,2023,Friday,May,2,19,2023-05,False
133,2023-05-13,13,5,2023,Saturday,May,2,19,2023-05,True
134,2023-05-14,14,5,2023,Sunday,May,2,19,2023-05,True
135,2023-05-15,15,5,2023,Monday,May,2,20,2023-05,False
136,2023-05-16,16,5,2023,Tuesday,May,2,20,2023-05,False
137,2023-05-17,17,5,2023,Wednesday,May,2,20,2023-05,False
138,2023-05-18,18,5,2023,Thursday,May,2,20,2023-05,False
139,2023-05-19,19,5,2023,Friday,May,2,20,2023-05,False
140,2023-05-20,20,5,2023,Saturday,May,2,20,2023-05,True
141,2023-05-21,21,5,2023,Sunday,May,2,20,2023-05,True
142,2023-05-22,22,5,2023,Monday,May,2,21,2023-05,False
143,2023-05-23,23,5,2023,Tuesday,May,2,21,2023-05,False
144,2023-05-24,24,5,2023,Wednesday,May,2,21,2023-05,False
145,2023-05-25,25,5,2023,Thursday,May,2,21,2023-05,False
146,2023-05-26,26,5,2023,Friday,May,2,21,2023-05,False
147,2023-05-27,27,5,2023,Saturday,May,2,21,2023-05,True
148,2023-05-28,28,5,2023,Sunday,May,2,21,2023-05,True
149,2023-05-29,29,5,2023,Monday,May,2,22,2023-05,False
150,2023-05-30,30,5,2023,Tuesday,May,2,22,2023-05,False
151,2023-05-31,31,5,2023,Wednesday,May,2,22,2023-05,False
152,2023-06-01,1,6,2023,Thursday,June,2,22,2023-06,False
153,2023-06-02,2,6,2023,Friday,June,2,22,2023-06,False
154,2023-06-03,3,6,2023,Saturday,June,2,22,2023-06,True
155,2023-06-04,4,6,2023,Sunday,June,2,22,2023-06,True
156,2023-06-05,5,6,2023,Monday,June,2,23,2023-06,False
157,2023-06-06,6,6,2023,Tuesday,June,2,23,2023-06,False
158,2023-06-07,7,6,2023,Wednesday,June,2,23,2023-06,False
159,2023-06-08,8,6,2023,Thursday,June,2,23,2023-06,False
160,2023-06-09,9,6,2023,Friday,June,2,23,2023-06,False
161,2023-06-10,10,6,2023,Saturday,June,2,23,2023-06,True
162,2023-06-11,11,6,2023,Sunday,June,2,23,2023-06,True
163,2023-06-12,12,6,2023,Monday,June,2,24,2023-06,False
164,2023-06-13,13,6,2023,Tuesday,June,2,24,2023-06,False
165,2023-06-14,14,6,2023,Wednesday,June,2,24,2023-06,False
166,2023-06-15,15,6,2023,Thursday,June,2,24,2023-06,False
167,2023-06-16,16,6,2023,Friday,June,2,24,2023-06,False
168,2023-06-17,17,6,2023,Saturday,June,2,24,2023-06,True
169,2023-06-18,18,6,2023,Sunday,June,2,24,2023-06,True
170,2023-06-19,19,6,2023,Monday,June,2,25,2023-06,False
171,2023-06-20,20,6,2023,Tuesday,June,2,25,2023-06,False
172,2023-06-21,21,6,2023,Wednesday,June,2,25,2023-06,False
173,2023-06-22,22,6,2023,Thursday,June,2,25,2023-06,False
174,2023-06-23,23,6,2023,Friday,June,2,25,2023-06,False
175,2023-06-24,24,6,2023,Saturday,June,2,25,2023-06,True
176,2023-06-25,25,6,2023,Sunday,June,2,25,2023-06,True
177,2023-06-26,26,6,2023,Monday,June,2,26,2023-06,False
178,2023-06-27,27,6,2023,Tuesday,June,2,26,2023-06,False
179,2023-06-28,28,6,2023,Wednesday,June,2,26,2023-06,False
180,2023-06-29,29,6,2023,Thursday,June,2,26,2023-06,False
181,2023-06-30,30,6,2023,Friday,June,2,26,2023-06,False
182,2023-07-01,1,7,2023,Saturday,July,3,26,2023-07,True
183,2023-07-02,2,7,2023,Sunday,July,3,26,2023-07,True
184,2023-07-03,3,7,2023,Monday,July,3,27,2023-07,False
185,2023-07-04,4,7,2023,Tuesday,July,3,27,2023-07,False
186,2023-07-05,5,7,2023,Wednesday,July,3,27,2023-07,False
187,2023-07-06,6,7,2023,Thursday,July,3,27,2023-07,False
188,2023-07-07,7,7,2023,Friday,July,3,27,2023-07,False
189,2023-07-08,8,7,2023,Saturday,July,3,27,2023-07,True
190,2023-07-09,9,7,2023,Sunday,July,3,27,2023-07,True
191,2023-07-10,10,7,2023,Monday,July,3,28,2023-07,False
192,2023-07-11,11,7,2023,Tuesday,July,3,28,2023-07,False
193,2023-07-12,12,7,2023,Wednesday,July,3,28,2023-07,False
194,2023-07-13,13,7,2023,Thursday,July,3,28,2023-07,False
195,2023-07-14,14,7,2023,Friday,July,3,28,2023-07,False
196,2023-07-15,15,7,2023,Saturday,July,3,28,2023-07,True
197,2023-07-16,16,7,2023,Sunday,July,3,28,2023-07,True
198,2023-07-17,17,7,2023,Monday,July,3,29,2023-07,False
199,2023-07-18,18,7,2023,Tuesday,July,3,29,2023-07,False
200,2023-07-19,19,7,2023,Wednesday,July,3,29,2023-07,False
201,2023-07-20,20,7,2023,Thursday,July,3,29,2023-07,False
202,2023-07-21,21,7,2023,Friday,July,3,29,2023-07,False
203,2023-07-22,22,7,2023,Saturday,July,3,29,2023-07,True
204,2023-07-23,23,7,2023,Sunday,July,3,29,2023-07,True
205,2023-07-24,24,7,2023,Monday,July,3,30,2023-07,False
206,2023-07-25,25,7,2023,Tuesday,July,3,30,2023-07,False
207,2023-07-26,26,7,2023,Wednesday,July,3,30,2023-07,False
208,2023-07-27,27,7,2023,Thursday,July,3,30,2023-07,False
209,2023-07-28,28,7,2023,Friday,July,3,30,2023-07,False
210,2023-07-29,29,7,2023,Saturday,July,3,30,2023-07,True
211,2023-07-30,30,7,2023,Sunday,July,3,30,2023-07,True
212,2023-07-31,31,7,2023,Monday,July,3,31,2023-07,False
213,2023-08-01,1,8,2023,Tuesday,August,3,31,2023-08,False
214,2023-08-02,2,8,2023,Wednesday,August,3,31,2023-08,False
215,2023-08-03,3,8,2023,Thursday,August,3,31,2023-08,False
216,2023-08-04,4,8,2023,Friday,August,3,31,2023-08,False
217,2023-08-05,5,8,2023,Saturday,August,3,31,2023-08,True
218,2023-08-06,6,8,2023,Sunday,August,3,31,2023-08,True
219,2023-08-07,7,8,2023,Monday,August,3,32,2023-08,False
220,2023-08-08,8,8,2023,Tuesday,August,3,32,2023-08,False
221,2023-08-09,9,8,2023,Wednesday,August,3,32,2023-08,False
222,2023-08-10,10,8,2023,Thursday,August,3,32,2023-08,False
223,2023-08-11,11,8,2023,Friday,August,3,32,2023-08,False
224,2023-08-12,12,8,2023,Saturday,August,3,32,2023-08,True
225,2023-08-13,13,8,2023,Sunday,August,3,32,2023-08,True
226,2023-08-14,14,8,2023,Monday,August,3,33,2023-08,False
227,2023-08-15,15,8,2023,Tuesday,August,3,33,2023-08,False
228,2023-08-16,16,8,2023,Wednesday,August,3,33,2023-08,False
229,2023-08-17,17,8,2023,Thursday,August,3,33,2023-08,False
230,2023-08-18,18,8,2023,Friday,August,3,33,2023-08,False
231,2023-08-19,19,8,2023,Saturday,August,3,33,2023-08,True
232,2023-08-20,20,8,2023,Sunday,August,3,33,2023-08,True
233,2023-08-21,21,8,2023,Monday,August,3,34,2023-08,False
234,2023-08-22,22,8,2023,Tuesday,August,3,34,2023-08,False
235,2023-08-23,23,8,2023,Wednesday,August,3,34,2023-08,False
236,2023-08-24,24,8,2023,Thursday,August,3,34,2023-08,False
237,2023-08-25,25,8,2023,Friday,August,3,34,2023-08,False
238,2023-08-26,26,8,2023,Saturday,August,3,34,2023-08,True
239,2023-08-27,27,8,2023,Sunday,August,3,34,2023-08,True
240,2023-08-28,28,8,2023,Monday,August,3,35,2023-08,False
241,2023-08-29,29,8,2023,Tuesday,August,3,35,2023-08,False
242,2023-08-30,30,8,2023,Wednesday,August,3,35,2023-08,False
243,2023-08-31,31,8,2023,Thursday,August,3,35,2023-08,False
244,2023-09-01,1,9,2023,Friday,September,3,35,2023-09,False
245,2023-09-02,2,9,2023,Saturday,September,3,35,2023-09,True
246,2023-09-03,3,9,2023,Sunday,September,3,35,2023-09,True
247,2023-09-04,4,9,2023,Monday,September,3,36,2023-09,False
248,2023-09-05,5,9,2023,Tuesday,September,3,36,2023-09,False
249,2023-09-06,6,9,2023,Wednesday,September,3,36,2023-09,False
250,2023-09-07,7,9,2023,Thursday,September,3,36,2023-09,False
251,2023-09-08,8,9,2023,Friday,September,3,36,2023-09,False
252,2023-09-09,9,9,2023,Saturday,September,3,36,2023-09,True
253,2023-09-10,10,9,2023,Sunday,September,3,36,2023-09,True
254,2023-09-11,11,9,2023,Monday,September,3,37,2023-09,False
255,2023-09-12,12,9,2023,Tuesday,September,3,37,2023-09,False
256,2023-09-13,13,9,2023,Wednesday,September,3,37,2023-09,False
257,2023-09-14,14,9,2023,Thursday,September,3,37,2023-09,False
258,2023-09-15,15,9,2023,Friday,September,3,37,2023-09,False
259,2023-09-16,16,9,2023,Saturday,September,3,37,2023-09,True
260,2023-09-17,17,9,2023,Sunday,September,3,37,2023-09,True
261,2023-09-18,18,9,2023,Monday,September,3,38,2023-09,False
262,2023-09-19,19,9,2023,Tuesday,September,3,38,2023-09,False
263,2023-09-20,20,9,2023,Wednesday,September,3,38,2023-09,False
264,2023-09-21,21,9,2023,Thursday,September,3,38,2023-09,False
265,2023-09-22,22,9,2023,Friday,September,3,38,2023-09,False
266,2023-09-23,23,9,2023,Saturday,September,3,38,2023-09,True
267,2023-09-24,24,9,2023,Sunday,September,3,38,2023-09,True
268,2023-09-25,25,9,2023,Monday,September,3,39,2023-09,False
269,2023-09-26,26,9,2023,Tuesday,September,3,39,2023-09,False
270,2023-09-27,27,9,2023,Wednesday,September,3,39,2023-09,False
271,2023-09-28,28,9,2023,Thursday,September,3,39,2023-09,False
272,2023-09-29,29,9,2023,Friday,September,3,39,2023-09,False
273,2023-09-30,30,9,2023,Saturday,September,3,39,2023-09,True
274,2023-10-01,1,10,2023,Sunday,October,4,39,2023-10,True
275,2023-10-02,2,10,2023,Monday,October,4,40,2023-10,False
276,2023-10-03,3,10,2023,Tuesday,October,4,40,2023-10,False
277,2023-10-04,4,10,2023,Wednesday,October,4,40,2023-10,False
278,2023-10-05,5,10,2023,Thursday,October,4,40,2023-10,False
279,2023-10-06,6,10,2023,Friday,October,4,40,2023-10,False
280,2023-10-07,7,10,2023,Saturday,October,4,40,2023-10,True
281,2023-10-08,8,10,2023,Sunday,October,4,40,2023-10,True
282,2023-10-09,9,10,2023,Monday,October,4,41,2023-10,False
283,2023-10-10,10,10,2023,Tuesday,October,4,41,2023-10,False
284,2023-10-11,11,10,2023,Wednesday,October,4,41,2023-10,False
285,2023-10-12,12,10,2023,Thursday,October,4,41,2023-10,False
286,2023-10-13,13,10,2023,Friday,October,4,41,2023-10,False
287,2023-10-14,14,10,2023,Saturday,October,4,41,2023-10,True
288,2023-10-15,15,10,2023,Sunday,October,4,41,2023-10,True
289,2023-10-16,16,10,2023,Monday,October,4,42,2023-10,False
290,2023-10-17,17,10,2023,Tuesday,October,4,42,2023-10,False
291,2023-10-18,18,10,2023,Wednesday,October,4,42,2023-10,False
292,2023-10-19,19,10,2023,Thursday,October,4,42,2023-10,False
293,2023-10-20,20,10,2023,Friday,October,4,42,2023-10,False
294,2023-10-21,21,10,2023,Saturday,October,4,42,2023-10,True
295,2023-10-22,22,10,2023,Sunday,October,4,42,2023-10,True
296,2023-10-23,23,10,2023,Monday,October,4,43,2023-10,False
297,2023-10-24,24,10,2023,Tuesday,October,4,43,2023-10,False
298,2023-10-25,25,10,2023,Wednesday,October,4,43,2023-10,False
299,2023-10-26,26,10,2023,Thursday,October,4,43,2023-10,False
300,2023-10-27,27,10,2023,Friday,October,4,43,2023-10,False
301,2023-10-28,28,10,2023,Saturday,October,4,43,2023-10,True
302,2023-10-29,29,10,2023,Sunday,October,4,43,2023-10,True
303,2023-10-30,30,10,2023,Monday,October,4,44,2023-10,False
304,2023-10-31,31,10,2023,Tuesday,October,4,44,2023-10,False
305,2023-11-01,1,11,2023,Wednesday,November,4,44,2023-11,False
306,2023-11-02,2,11,2023,Thursday,November,4,44,2023-11,False
307,2023-11-03,3,11,2023,Friday,November,4,44,2023-11,False
308,2023-11-04,4,11,2023,Saturday,November,4,44,2023-11,True
309,2023-11-05,5,11,2023,Sunday,November,4,44,2023-11,True
310,2023-11-06,6,11,2023,Monday,November,4,45,2023-11,False
311,2023-11-07,7,11,2023,Tuesday,November,4,45,2023-11,False
312,2023-11-08,8,11,2023,Wednesday,November,4,45,2023-11,False
313,2023-11-09,9,11,2023,Thursday,November,4,45,2023-11,False
314,2023-11-10,10,11,2023,Friday,November,4,45,2023-11,False
315,2023-11-11,11,11,2023,Saturday,November,4,45,2023-11,True
316,2023-11-12,12,11,2023,Sunday,November,4,45,2023-11,True
317,2023-11-13,13,11,2023,Monday,November,4,46,2023-11,False
318,2023-11-14,14,11,2023,Tuesday,November,4,46,2023-11,False
319,2023-11-15,15,11,2023,Wednesday,November,4,46,2023-11,False
320,2023-11-16,16,11,2023,Thursday,November,4,46,2023-11,False
321,2023-11-17,17,11,2023,Friday,November,4,46,2023-11,False
322,2023-11-18,18,11,2023,Saturday,November,4,46,2023-11,True
323,2023-11-19,19,11,2023,Sunday,November,4,46,2023-11,True
324,2023-11-20,20,11,2023,Monday,November,4,47,2023-11,False
325,2023-11-21,21,11,2023,Tuesday,November,4,47,2023-11,False
326,2023-11-22,22,11,2023,Wednesday,November,4,47,2023-11,False
327,2023-11-23,23,11,2023,Thursday,November,4,47,2023-11,False
328,2023-11-24,24,11,2023,Friday,November,4,47,2023-11,False
329,2023-11-25,25,11,2023,Saturday,November,4,47,2023-11,True
330,2023-11-26,26,11,2023,Sunday,November,4,47,2023-11,True
331,2023-11-27,27,11,2023,Monday,November,4,48,2023-11,False
332,2023-11-28,28,11,2023,Tuesday,November,4,48,2023-11,False
333,2023-11-29,29,11,2023,Wednesday,November,4,48,2023-11,False
334,2023-11-30,30,11,2023,Thursday,November,4,48,2023-11,False
335,2023-12-01,1,12,2023,Friday,December,4,48,2023-12,False
336,2023-12-02,2,12,2023,Saturday,December,4,48,2023-12,True
337,2023-12-03,3,12,2023,Sunday,December,4,48,2023-12,True
338,2023-12-04,4,12,2023,Monday,December,4,49,2023-12,False
339,2023-12-05,5,12,2023,Tuesday,December,4,49,2023-12,False
340,2023-12-06,6,12,2023,Wednesday,December,4,49,2023-12,False
341,2023-12-07,7,12,2023,Thursday,December,4,49,2023-12,False
342,2023-12-08,8,12,2023,Friday,December,4,49,2023-12,False
343,2023-12-09,9,12,2023,Saturday,December,4,49,2023-12,True
344,2023-12-10,10,12,2023,Sunday,December,4,49,2023-12,True
345,2023-12-11,11,12,2023,Monday,December,4,50,2023-12,False
346,2023-12-12,12,12,2023,Tuesday,December,4,50,2023-12,False
347,2023-12-13,13,12,2023,Wednesday,December,4,50,2023-12,False
348,2023-12-14,14,12,2023,Thursday,December,4,50,2023-12,False
349,2023-12-15,15,12,2023,Friday,December,4,50,2023-12,False
350,2023-12-16,16,12,2023,Saturday,December,4,50,2023-12,True
351,2023-12-17,17,12,2023,Sunday,December,4,50,2023-12,True
352,2023-12-18,18,12,2023,Monday,December,4,51,2023-12,False
353,2023-12-19,19,12,2023,Tuesday,December,4,51,2023-12,False
354,2023-12-20,20,12,2023,Wednesday,December,4,51,2023-12,False
355,2023-12-21,21,12,2023,Thursday,December,4,51,2023-12,False
356,2023-12-22,22,12,2023,Friday,December,4,51,2023-12,False
357,2023-12-23,23,12,2023,Saturday,December,4,51,2023-12,True
358,2023-12-24,24,12,2023,Sunday,December,4,51,2023-12,True
359,2023-12-25,25,12,2023,Monday,December,4,52,2023-12,False
360,2023-12-26,26,12,2023,Tuesday,December,4,52,2023-12,False
361,2023-12-27,27,12,2023,Wednesday,December,4,52,2023-12,False
362,2023-12-28,28,12,2023,Thursday,December,4,52,2023-12,False
363,2023-12-29,29,12,2023,Friday,December,4,52,2023-12,False
364,2023-12-30,30,12,2023,Saturday,December,4,52,2023-12,True
365,2023-12-31,31,12,2023,Sunday,December,4,52,2023-12,True
366,2024-01-01,1,1,2024,Monday,January,1,1,2024-01,False
367,2024-01-02,2,1,2024,Tuesday,January,1,1,2024-01,False
368,2024-01-03,3,1,2024,Wednesday,January,1,1,2024-01,False
369,2024-01-04,4,1,2024,Thursday,January,1,1,2024-01,False
370,2024-01-05,5,1,2024,Friday,January,1,1,2024-01,False
371,2024-01-06,6,1,2024,Saturday,January,1,1,2024-01,True
372,2024-01-07,7,1,2024,Sunday,January,1,1,2024-01,True
373,2024-01-08,8,1,2024,Monday,January,1,2,2024-01,False
374,2024-01-09,9,1,2024,Tuesday,January,1,2,2024-01,False
375,2024-01-10,10,1,2024,Wednesday,January,1,2,2024-01,False
376,2024-01-11,11,1,2024,Thursday,January,1,2,2024-01,False
377,2024-01-12,12,1,2024,Friday,January,1,2,2024-01,False
378,2024-01-13,13,1,2024,Saturday,January,1,2,2024-01,True
379,2024-01-14,14,1,2024,Sunday,January,1,2,2024-01,True
380,2024-01-15,15,1,2024,Monday,January,1,3,2024-01,False
381,2024-01-16,16,1,2024,Tuesday,January,1,3,2024-01,False
382,2024-01-17,17,1,2024,Wednesday,January,1,3,2024-01,False
383,2024-01-18,18,1,2024,Thursday,January,1,3,2024-01,False
384,2024-01-19,19,1,2024,Friday,January,1,3,2024-01,False
385,2024-01-20,20,1,2024,Saturday,January,1,3,2024-01,True
386,2024-01-21,21,1,2024,Sunday,January,1,3,2024-01,True
387,2024-01-22,22,1,2024,Monday,January,1,4,2024-01,False
388,2024-01-23,23,1,2024,Tuesday,January,1,4,2024-01,False
389,2024-01-24,24,1,2024,Wednesday,January,1,4,2024-01,False
390,2024-01-25,25,1,2024,Thursday,January,1,4,2024-01,False
391,2024-01-26,26,1,2024,Friday,January,1,4,2024-01,False
392,2024-01-27,27,1,2024,Saturday,January,1,4,2024-01,True
393,2024-01-28,28,1,2024,Sunday,January,1,4,2024-01,True
394,2024-01-29,29,1,2024,Monday,January,1,5,2024-01,False
395,2024-01-30,30,1,2024,Tuesday,January,1,5,2024-01,False
396,2024-01-31,31,1,2024,Wednesday,January,1,5,2024-01,False
397,2024-02-01,1,2,2024,Thursday,February,1,5,2024-02,False
398,2024-02-02,2,2,2024,Friday,February,1,5,2024-02,False
399,2024-02-03,3,2,2024,Saturday,February,1,5,2024-02,True
400,2024-02-04,4,2,2024,Sunday,February,1,5,2024-02,True
401,2024-02-05,5,2,2024,Monday,February,1,6,2024-02,False
402,2024-02-06,6,2,2024,Tuesday,February,1,6,2024-02,False
403,2024-02-07,7,2,2024,Wednesday,February,1,6,2024-02,False
404,2024-02-08,8,2,2024,Thursday,February,1,6,2024-02,False
405,2024-02-09,9,2,2024,Friday,February,1,6,2024-02,False
406,2024-02-10,10,2,2024,Saturday,February,1,6,2024-02,True
407,2024-02-11,11,2,2024,Sunday,February,1,6,2024-02,True
408,2024-02-12,12,2,2024,Monday,February,1,7,2024-02,False
409,2024-02-13,13,2,2024,Tuesday,February,1,7,2024-02,False
410,2024-02-14,14,2,2024,Wednesday,February,1,7,2024-02,False
411,2024-02-15,15,2,2024,Thursday,February,1,7,2024-02,False
412,2024-02-16,16,2,2024,Friday,February,1,7,2024-02,False
413,2024-02-17,17,2,2024,Saturday,February,1,7,2024-02,True
414,2024-02-18,18,2,2024,Sunday,February,1,7,2024-02,True
415,2024-02-19,19,2,2024,Monday,February,1,8,2024-02,False
416,2024-02-20,20,2,2024,Tuesday,February,1,8,2024-02,False
417,2024-02-21,21,2,2024,Wednesday,February,1,8,2024-02,False
418,2024-02-22,22,2,2024,Thursday,February,1,8,2024-02,False
419,2024-02-23,23,2,2024,Friday,February,1,8,2024-02,False
420,2024-02-24,24,2,2024,Saturday,February,1,8,2024-02,True
421,2024-02-25,25,2,2024,Sunday,February,1,8,2024-02,True
422,2024-02-26,26,2,2024,Monday,February,1,9,2024-02,False
423,2024-02-27,27,2,2024,Tuesday,February,1,9,2024-02,False
424,2024-02-28,28,2,2024,Wednesday,February,1,9,2024-02,False
425,2024-02-29,29,2,2024,Thursday,February,1,9,2024-02,False
426,2024-03-01,1,3,2024,Friday,March,1,9,2024-03,False
427,2024-03-02,2,3,2024,Saturday,March,1,9,2024-03,True
428,2024-03-03,3,3,2024,Sunday,March,1,9,2024-03,True
429,2024-03-04,4,3,2024,Monday,March,1,10,2024-03,False
430,2024-03-05,5,3,2024,Tuesday,March,1,10,2024-03,False
431,2024-03-06,6,3,2024,Wednesday,March,1,10,2024-03,False
432,2024-03-07,7,3,2024,Thursday,March,1,10,2024-03,False
433,2024-03-08,8,3,2024,Friday,March,1,10,2024-03,False
434,2024-03-09,9,3,2024,Saturday,March,1,10,2024-03,True
435,2024-03-10,10,3,2024,Sunday,March,1,10,2024-03,True
436,2024-03-11,11,3,2024,Monday,March,1,11,2024-03,False
437,2024-03-12,12,3,2024,Tuesday,March,1,11,2024-03,False
438,2024-03-13,13,3,2024,Wednesday,March,1,11,2024-03,False
439,2024-03-14,14,3,2024,Thursday,March,1,11,2024-03,False
440,2024-03-15,15,3,2024,Friday,March,1,11,2024-03,False
441,2024-03-16,16,3,2024,Saturday,March,1,11,2024-03,True
442,2024-03-17,17,3,2024,Sunday,March,1,11,2024-03,True
443,2024-03-18,18,3,2024,Monday,March,1,12,2024-03,False
444,2024-03-19,19,3,2024,Tuesday,March,1,12,2024-03,False
445,2024-03-20,20,3,2024,Wednesday,March,1,12,2024-03,False
446,2024-03-21,21,3,2024,Thursday,March,1,12,2024-03,False
447,2024-03-22,22,3,2024,Friday,March,1,12,2024-03,False
448,2024-03-23,23,3,2024,Saturday,March,1,12,2024-03,True
449,2024-03-24,24,3,2024,Sunday,March,1,12,2024-03,True
450,2024-03-25,25,3,2024,Monday,March,1,13,2024-03,False
451,2024-03-26,26,3,2024,Tuesday,March,1,13,2024-03,False
452,2024-03-27,27,3,2024,Wednesday,March,1,13,2024-03,False
453,2024-03-28,28,3,2024,Thursday,March,1,13,2024-03,False
454,2024-03-29,29,3,2024,Friday,March,1,13,2024-03,False
455,2024-03-30,30,3,2024,Saturday,March,1,13,2024-03,True
456,2024-03-31,31,3,2024,Sunday,March,1,13,2024-03,True
457,2024-04-01,1,4,2024,Monday,April,2,14,2024-04,False
458,2024-04-02,2,4,2024,Tuesday,April,2,14,2024-04,False
459,2024-04-03,3,4,2024,Wednesday,April,2,14,2024-04,False
460,2024-04-04,4,4,2024,Thursday,April,2,14,2024-04,False
461,2024-04-05,5,4,2024,Friday,April,2,14,2024-04,False
462,2024-04-06,6,4,2024,Saturday,April,2,14,2024-04,True
463,2024-04-07,7,4,2024,Sunday,April,2,14,2024-04,True
464,2024-04-08,8,4,2024,Monday,April,2,15,2024-04,False
465,2024-04-09,9,4,2024,Tuesday,April,2,15,2024-04,False
466,2024-04-10,10,4,2024,Wednesday,April,2,15,2024-04,False
467,2024-04-11,11,4,2024,Thursday,April,2,15,2024-04,False
468,2024-04-12,12,4,2024,Friday,April,2,15,2024-04,False
469,2024-04-13,13,4,2024,Saturday,April,2,15,2024-04,True
470,2024-04-14,14,4,2024,Sunday,April,2,15,2024-04,True
471,2024-04-15,15,4,2024,Monday,April,2,16,2024-04,False
472,2024-04-16,16,4,2024,Tuesday,April,2,16,2024-04,False
473,2024-04-17,17,4,2024,Wednesday,April,2,16,2024-04,False
474,2024-04-18,18,4,2024,Thursday,April,2,16,2024-04,False
475,2024-04-19,19,4,2024,Friday,April,2,16,2024-04,False
476,2024-04-20,20,4,2024,Saturday,April,2,16,2024-04,True
477,2024-04-21,21,4,2024,Sunday,April,2,16,2024-04,True
478,2024-04-22,22,4,2024,Monday,April,2,17,2024-04,False
479,2024-04-23,23,4,2024,Tuesday,April,2,17,2024-04,False
480,2024-04-24,24,4,2024,Wednesday,April,2,17,2024-04,False
481,2024-04-25,25,4,2024,Thursday,April,2,17,2024-04,False
482,2024-04-26,26,4,2024,Friday,April,2,17,2024-04,False
483,2024-04-27,27,4,2024,Saturday,April,2,17,2024-04,True
484,2024-04-28,28,4,2024,Sunday,April,2,17,2024-04,True
485,2024-04-29,29,4,2024,Monday,April,2,18,2024-04,False
486,2024-04-30,30,4,2024,Tuesday,April,2,18,2024-04,False
487,2024-05-01,1,5,2024,Wednesday,May,2,18,2024-05,False
488,2024-05-02,2,5,2024,Thursday,May,2,18,2024-05,False
489,2024-05-03,3,5,2024,Friday,May,2,18,2024-05,False
490,2024-05-04,4,5,2024,Saturday,May,2,18,2024-05,True
491,2024-05-05,5,5,2024,Sunday,May,2,18,2024-05,True
492,2024-05-06,6,5,2024,Monday,May,2,19,2024-05,False
493,2024-05-07,7,5,2024,Tuesday,May,2,19,2024-05,False
494,2024-05-08,8,5,2024,Wednesday,May,2,19,2024-05,False
495,2024-05-09,9,5,2024,Thursday,May,2,19,2024-05,False
496,2024-05-10,10,5,2024,Friday,May,2,19,2024-05,False
497,2024-05-11,11,5,2024,Saturday,May,2,19,2024-05,True
498,2024-05-12,12,5,2024,Sunday,May,2,19,2024-05,True
499,2024-05-13,13,5,2024,Monday,May,2,20,2024-05,False
500,2024-05-14,14,5,2024,Tuesday,May,2,20,2024-05,False
501,2024-05-15,15,5,2024,Wednesday,May,2,20,2024-05,False
502,2024-05-16,16,5,2024,Thursday,May,2,20,2024-05,False
503,2024-05-17,17,5,2024,Friday,May,2,20,2024-05,False
504,2024-05-18,18,5,2024,Saturday,May,2,20,2024-05,True
505,2024-05-19,19,5,2024,Sunday,May,2,20,2024-05,True
506,2024-05-20,20,5,2024,Monday,May,2,21,2024-05,False
507,2024-05-21,21,5,2024,Tuesday,May,2,21,2024-05,False
508,2024-05-22,22,5,2024,Wednesday,May,2,21,2024-05,False
509,2024-05-23,23,5,2024,Thursday,May,2,21,2024-05,False
510,2024-05-24,24,5,2024,Friday,May,2,21,2024-05,False
511,2024-05-25,25,5,2024,Saturday,May,2,21,2024-05,True
512,2024-05-26,26,5,2024,Sunday,May,2,21,2024-05,True
513,2024-05-27,27,5,2024,Monday,May,2,22,2024-05,False
514,2024-05-28,28,5,2024,Tuesday,May,2,22,2024-05,False
515,2024-05-29,29,5,2024,Wednesday,May,2,22,2024-05,False
516,2024-05-30,30,5,2024,Thursday,May,2,22,2024-05,False
517,2024-05-31,31,5,2024,Friday,May,2,22,2024-05,False
518,2024-06-01,1,6,2024,Saturday,June,2,22,2024-06,True
519,2024-06-02,2,6,2024,Sunday,June,2,22,2024-06,True
520,2024-06-03,3,6,2024,Monday,June,2,23,2024-06,False
521,2024-06-04,4,6,2024,Tuesday,June,2,23,2024-06,False
522,2024-06-05,5,6,2024,Wednesday,June,2,23,2024-06,False
523,2024-06-06,6,6,2024,Thursday,June,2,23,2024-06,False
524,2024-06-07,7,6,2024,Friday,June,2,23,2024-06,False
525,2024-06-08,8,6,2024,Saturday,June,2,23,2024-06,True
526,2024-06-09,9,6,2024,Sunday,June,2,23,2024-06,True
527,2024-06-10,10,6,2024,Monday,June,2,24,2024-06,False
528,2024-06-11,11,6,2024,Tuesday,June,2,24,2024-06,False
529,2024-06-12,12,6,2024,Wednesday,June,2,24,2024-06,False
530,2024-06-13,13,6,2024,Thursday,June,2,24,2024-06,False
531,2024-06-14,14,6,2024,Friday,June,2,24,2024-06,False
532,2024-06-15,15,6,2024,Saturday,June,2,24,2024-06,True
533,2024-06-16,16,6,2024,Sunday,June,2,24,2024-06,True
534,2024-06-17,17,6,2024,Monday,June,2,25,2024-06,False
535,2024-06-18,18,6,2024,Tuesday,June,2,25,2024-06,False
536,2024-06-19,19,6,2024,Wednesday,June,2,25,2024-06,False
537,2024-06-20,20,6,2024,Thursday,June,2,25,2024-06,False
538,2024-06-21,21,6,2024,Friday,June,2,25,2024-06,False
539,2024-06-22,22,6,2024,Saturday,June,2,25,2024-06,True
540,2024-06-23,23,6,2024,Sunday,June,2,25,2024-06,True
541,2024-06-24,24,6,2024,Monday,June,2,26,2024-06,False
542,2024-06-25,25,6,2024,Tuesday,June,2,26,2024-06,False
543,2024-06-26,26,6,2024,Wednesday,June,2,26,2024-06,False
544,2024-06-27,27,6,2024,Thursday,June,2,26,2024-06,False
545,2024-06-28,28,6,2024,Friday,June,2,26,2024-06,False
546,2024-06-29,29,6,2024,Saturday,June,2,26,2024-06,True
547,2024-06-30,30,6,2024,Sunday,June,2,26,2024-06,True
548,2024-07-01,1,7,2024,Monday,July,3,27,2024-07,False
549,2024-07-02,2,7,2024,Tuesday,July,3,27,2024-07,False
550,2024-07-03,3,7,2024,Wednesday,July,3,27,2024-07,False
551,2024-07-04,4,7,2024,Thursday,July,3,27,2024-07,False
552,2024-07-05,5,7,2024,Friday,July,3,27,2024-07,False
553,2024-07-06,6,7,2024,Saturday,July,3,27,2024-07,True
554,2024-07-07,7,7,2024,Sunday,July,3,27,2024-07,True
555,2024-07-08,8,7,2024,Monday,July,3,28,2024-07,False
556,2024-07-09,9,7,2024,Tuesday,July,3,28,2024-07,False
557,2024-07-10,10,7,2024,Wednesday,July,3,28,2024-07,False
558,2024-07-11,11,7,2024,Thursday,July,3,28,2024-07,False
559,2024-07-12,12,7,2024,Friday,July,3,28,2024-07,False
560,2024-07-13,13,7,2024,Saturday,July,3,28,2024-07,True
561,2024-07-14,14,7,2024,Sunday,July,3,28,2024-07,True
562,2024-07-15,15,7,2024,Monday,July,3,29,2024-07,False
563,2024-07-16,16,7,2024,Tuesday,July,3,29,2024-07,False
564,2024-07-17,17,7,2024,Wednesday,July,3,29,2024-07,False
565,2024-07-18,18,7,2024,Thursday,July,3,29,2024-07,False
566,2024-07-19,19,7,2024,Friday,July,3,29,2024-07,False
567,2024-07-20,20,7,2024,Saturday,July,3,29,2024-07,True
568,2024-07-21,21,7,2024,Sunday,July,3,29,2024-07,True
569,2024-07-22,22,7,2024,Monday,July,3,30,2024-07,False
570,2024-07-23,23,7,2024,Tuesday,July,3,30,2024-07,False
571,2024-07-24,24,7,2024,Wednesday,July,3,30,2024-07,False
572,2024-07-25,25,7,2024,Thursday,July,3,30,2024-07,False
573,2024-07-26,26,7,2024,Friday,July,3,30,2024-07,False
574,2024-07-27,27,7,2024,Saturday,July,3,30,2024-07,True
575,2024-07-28,28,7,2024,Sunday,July,3,30,2024-07,True
576,2024-07-29,29,7,2024,Monday,July,3,31,2024-07,False
577,2024-07-30,30,7,2024,Tuesday,July,3,31,2024-07,False
578,2024-07-31,31,7,2024,Wednesday,July,3,31,2024-07,False
579,2024-08-01,1,8,2024,Thursday,August,3,31,2024-08,False
580,2024-08-02,2,8,2024,Friday,August,3,31,2024-08,False
581,2024-08-03,3,8,2024,Saturday,August,3,31,2024-08,True
582,2024-08-04,4,8,2024,Sunday,August,3,31,2024-08,True
583,2024-08-05,5,8,2024,Monday,August,3,32,2024-08,False
584,2024-08-06,6,8,2024,Tuesday,August,3,32,2024-08,False
585,2024-08-07,7,8,2024,Wednesday,August,3,32,2024-08,False
586,2024-08-08,8,8,2024,Thursday,August,3,32,2024-08,False
587,2024-08-09,9,8,2024,Friday,August,3,32,2024-08,False
588,2024-08-10,10,8,2024,Saturday,August,3,32,2024-08,True
589,2024-08-11,11,8,2024,Sunday,August,3,32,2024-08,True
590,2024-08-12,12,8,2024,Monday,August,3,33,2024-08,False
591,2024-08-13,13,8,2024,Tuesday,August,3,33,2024-08,False
592,2024-08-14,14,8,2024,Wednesday,August,3,33,2024-08,False
593,2024-08-15,15,8,2024,Thursday,August,3,33,2024-08,False
594,2024-08-16,16,8,2024,Friday,August,3,33,2024-08,False
595,2024-08-17,17,8,2024,Saturday,August,3,33,2024-08,True
596,2024-08-18,18,8,2024,Sunday,August,3,33,2024-08,True
597,2024-08-19,19,8,2024,Monday,August,3,34,2024-08,False
598,2024-08-20,20,8,2024,Tuesday,August,3,34,2024-08,False
599,2024-08-21,21,8,2024,Wednesday,August,3,34,2024-08,False
600,2024-08-22,22,8,2024,Thursday,August,3,34,2024-08,False
601,2024-08-23,23,8,2024,Friday,August,3,34,2024-08,False
602,2024-08-24,24,8,2024,Saturday,August,3,34,2024-08,True
603,2024-08-25,25,8,2024,Sunday,August,3,34,2024-08,True
604,2024-08-26,26,8,2024,Monday,August,3,35,2024-08,False
605,2024-08-27,27,8,2024,Tuesday,August,3,35,2024-08,False
606,2024-08-28,28,8,2024,Wednesday,August,3,35,2024-08,False
607,2024-08-29,29,8,2024,Thursday,August,3,35,2024-08,False
608,2024-08-30,30,8,2024,Friday,August,3,35,2024-08,False
609,2024-08-31,31,8,2024,Saturday,August,3,35,2024-08,True
610,2024-09-01,1,9,2024,Sunday,September,3,35,2024-09,True
611,2024-09-02,2,9,2024,Monday,September,3,36,2024-09,False
612,2024-09-03,3,9,2024,Tuesday,September,3,36,2024-09,False
613,2024-09-04,4,9,2024,Wednesday,September,3,36,2024-09,False
614,2024-09-05,5,9,2024,Thursday,September,3,36,2024-09,False
615,2024-09-06,6,9,2024,Friday,September,3,36,2024-09,False
616,2024-09-07,7,9,2024,Saturday,September,3,36,2024-09,True
617,2024-09-08,8,9,2024,Sunday,September,3,36,2024-09,True
618,2024-09-09,9,9,2024,Monday,September,3,37,2024-09,False
619,2024-09-10,10,9,2024,Tuesday,September,3,37,2024-09,False
620,2024-09-11,11,9,2024,Wednesday,September,3,37,2024-09,False
621,2024-09-12,12,9,2024,Thursday,September,3,37,2024-09,False
622,2024-09-13,13,9,2024,Friday,September,3,37,2024-09,False
623,2024-09-14,14,9,2024,Saturday,September,3,37,2024-09,True
624,2024-09-15,15,9,2024,Sunday,September,3,37,2024-09,True
625,2024-09-16,16,9,2024,Monday,September,3,38,2024-09,False
626,2024-09-17,17,9,2024,Tuesday,September,3,38,2024-09,False
627,2024-09-18,18,9,2024,Wednesday,September,3,38,2024-09,False
628,2024-09-19,19,9,2024,Thursday,September,3,38,2024-09,False
629,2024-09-20,20,9,2024,Friday,September,3,38,2024-09,False
630,2024-09-21,21,9,2024,Saturday,September,3,38,2024-09,True
631,2024-09-22,22,9,2024,Sunday,September,3,38,2024-09,True
632,2024-09-23,23,9,2024,Monday,September,3,39,2024-09,False
633,2024-09-24,24,9,2024,Tuesday,September,3,39,2024-09,False
634,2024-09-25,25,9,2024,Wednesday,September,3,39,2024-09,False
635,2024-09-26,26,9,2024,Thursday,September,3,39,2024-09,False
636,2024-09-27,27,9,2024,Friday,September,3,39,2024-09,False
637,2024-09-28,28,9,2024,Saturday,September,3,39,2024-09,True
638,2024-09-29,29,9,2024,Sunday,September,3,39,2024-09,True
639,2024-09-30,30,9,2024,Monday,September,3,40,2024-09,False
640,2024-10-01,1,10,2024,Tuesday,October,4,40,2024-10,False
641,2024-10-02,2,10,2024,Wednesday,October,4,40,2024-10,False
642,2024-10-03,3,10,2024,Thursday,October,4,40,2024-10,False
643,2024-10-04,4,10,2024,Friday,October,4,40,2024-10,False
644,2024-10-05,5,10,2024,Saturday,October,4,40,2024-10,True
645,2024-10-06,6,10,2024,Sunday,October,4,40,2024-10,True
646,2024-10-07,7,10,2024,Monday,October,4,41,2024-10,False
647,2024-10-08,8,10,2024,Tuesday,October,4,41,2024-10,False
648,2024-10-09,9,10,2024,Wednesday,October,4,41,2024-10,False
649,2024-10-10,10,10,2024,Thursday,October,4,41,2024-10,False
650,2024-10-11,11,10,2024,Friday,October,4,41,2024-10,False
651,2024-10-12,12,10,2024,Saturday,October,4,41,2024-10,True
652,2024-10-13,13,10,2024,Sunday,October,4,41,2024-10,True
653,2024-10-14,14,10,2024,Monday,October,4,42,2024-10,False
654,2024-10-15,15,10,2024,Tuesday,October,4,42,2024-10,False
655,2024-10-16,16,10,2024,Wednesday,October,4,42,2024-10,False
656,2024-10-17,17,10,2024,Thursday,October,4,42,2024-10,False
657,2024-10-18,18,10,2024,Friday,October,4,42,2024-10,False
658,2024-10-19,19,10,2024,Saturday,October,4,42,2024-10,True
659,2024-10-20,20,10,2024,Sunday,October,4,42,2024-10,True
660,2024-10-21,21,10,2024,Monday,October,4,43,2024-10,False
661,2024-10-22,22,10,2024,Tuesday,October,4,43,2024-10,False
662,2024-10-23,23,10,2024,Wednesday,October,4,43,2024-10,False
663,2024-10-24,24,10,2024,Thursday,October,4,43,2024-10,False
664,2024-10-25,25,10,2024,Friday,October,4,43,2024-10,False
665,2024-10-26,26,10,2024,Saturday,October,4,43,2024-10,True
666,2024-10-27,27,10,2024,Sunday,October,4,43,2024-10,True
667,2024-10-28,28,10,2024,Monday,October,4,44,2024-10,False
668,2024-10-29,29,10,2024,Tuesday,October,4,44,2024-10,False
669,2024-10-30,30,10,2024,Wednesday,October,4,44,2024-10,False
670,2024-10-31,31,10,2024,Thursday,October,4,44,2024-10,False
671,2024-11-01,1,11,2024,Friday,November,4,44,2024-11,False
672,2024-11-02,2,11,2024,Saturday,November,4,44,2024-11,True
673,2024-11-03,3,11,2024,Sunday,November,4,44,2024-11,True
674,2024-11-04,4,11,2024,Monday,November,4,45,2024-11,False
675,2024-11-05,5,11,2024,Tuesday,November,4,45,2024-11,False
676,2024-11-06,6,11,2024,Wednesday,November,4,45,2024-11,False
677,2024-11-07,7,11,2024,Thursday,November,4,45,2024-11,False
678,2024-11-08,8,11,2024,Friday,November,4,45,2024-11,False
679,2024-11-09,9,11,2024,Saturday,November,4,45,2024-11,True
680,2024-11-10,10,11,2024,Sunday,November,4,45,2024-11,True
681,2024-11-11,11,11,2024,Monday,November,4,46,2024-11,False
682,2024-11-12,12,11,2024,Tuesday,November,4,46,2024-11,False
683,2024-11-13,13,11,2024,Wednesday,November,4,46,2024-11,False
684,2024-11-14,14,11,2024,Thursday,November,4,46,2024-11,False
685,2024-11-15,15,11,2024,Friday,November,4,46,2024-11,False
686,2024-11-16,16,11,2024,Saturday,November,4,46,2024-11,True
687,2024-11-17,17,11,2024,Sunday,November,4,46,2024-11,True
688,2024-11-18,18,11,2024,Monday,November,4,47,2024-11,False
689,2024-11-19,19,11,2024,Tuesday,November,4,47,2024-11,False
690,2024-11-20,20,11,2024,Wednesday,November,4,47,2024-11,False
691,2024-11-21,21,11,2024,Thursday,November,4,47,2024-11,False
692,2024-11-22,22,11,2024,Friday,November,4,47,2024-11,False
693,2024-11-23,23,11,2024,Saturday,November,4,47,2024-11,True
694,2024-11-24,24,11,2024,Sunday,November,4,47,2024-11,True
695,2024-11-25,25,11,2024,Monday,November,4,48,2024-11,False
696,2024-11-26,26,11,2024,Tuesday,November,4,48,2024-11,False
697,2024-11-27,27,11,2024,Wednesday,November,4,48,2024-11,False
698,2024-11-28,28,11,2024,Thursday,November,4,48,2024-11,False
699,2024-11-29,29,11,2024,Friday,November,4,48,2024-11,False
700,2024-11-30,30,11,2024,Saturday,November,4,48,2024-11,True
701,2024-12-01,1,12,2024,Sunday,December,4,48,2024-12,True
702,2024-12-02,2,12,2024,Monday,December,4,49,2024-12,False
703,2024-12-03,3,12,2024,Tuesday,December,4,49,2024-12,False
704,2024-12-04,4,12,2024,Wednesday,December,4,49,2024-12,False
705,2024-12-05,5,12,2024,Thursday,December,4,49,2024-12,False
706,2024-12-06,6,12,2024,Friday,December,4,49,2024-12,False
707,2024-12-07,7,12,2024,Saturday,December,4,49,2024-12,True
708,2024-12-08,8,12,2024,Sunday,December,4,49,2024-12,True
709,2024-12-09,9,12,2024,Monday,December,4,50,2024-12,False
710,2024-12-10,10,12,2024,Tuesday,December,4,50,2024-12,False
711,2024-12-11,11,12,2024,Wednesday,December,4,50,2024-12,False
712,2024-12-12,12,12,2024,Thursday,December,4,50,2024-12,False
713,2024-12-13,13,12,2024,Friday,December,4,50,2024-12,False
714,2024-12-14,14,12,2024,Saturday,December,4,50,2024-12,True
715,2024-12-15,15,12,2024,Sunday,December,4,50,2024-12,True
716,2024-12-16,16,12,2024,Monday,December,4,51,2024-12,False
717,2024-12-17,17,12,2024,Tuesday,December,4,51,2024-12,False
718,2024-12-18,18,12,2024,Wednesday,December,4,51,2024-12,False
719,2024-12-19,19,12,2024,Thursday,December,4,51,2024-12,False
720,2024-12-20,20,12,2024,Friday,December,4,51,2024-12,False
721,2024-12-21,21,12,2024,Saturday,December,4,51,2024-12,True
722,2024-12-22,22,12,2024,Sunday,December,4,51,2024-12,True
723,2024-12-23,23,12,2024,Monday,December,4,52,2024-12,False
724,2024-12-24,24,12,2024,Tuesday,December,4,52,2024-12,False
725,2024-12-25,25,12,2024,Wednesday,December,4,52,2024-12,False
726,2024-12-26,26,12,2024,Thursday,December,4,52,2024-12,False
727,2024-12-27,27,12,2024,Friday,December,4,52,2024-12,False
728,2024-12-28,28,12,2024,Saturday,December,4,52,2024-12,True
729,2024-12-29,29,12,2024,Sunday,December,4,52,2024-12,True
730,2024-12-30,30,12,2024,Monday,December,4,1,2024-12,False
731,2024-12-31,31,12,2024,Tuesday,December,4,1,2024-12,False
732,2025-01-01,1,1,2025,Wednesday,January,1,1,2025-01,False
733,2025-01-02,2,1,2025,Thursday,January,1,1,2025-01,False
734,2025-01-03,3,1,2025,Friday,January,1,1,2025-01,False
735,2025-01-04,4,1,2025,Saturday,January,1,1,2025-01,True
736,2025-01-05,5,1,2025,Sunday,January,1,1,2025-01,True
737,2025-01-06,6,1,2025,Monday,January,1,2,2025-01,False
738,2025-01-07,7,1,2025,Tuesday,January,1,2,2025-01,False
739,2025-01-08,8,1,2025,Wednesday,January,1,2,2025-01,False
740,2025-01-09,9,1,2025,Thursday,January,1,2,2025-01,False
741,2025-01-10,10,1,2025,Friday,January,1,2,2025-01,False
742,2025-01-11,11,1,2025,Saturday,January,1,2,2025-01,True
743,2025-01-12,12,1,2025,Sunday,January,1,2,2025-01,True
744,2025-01-13,13,1,2025,Monday,January,1,3,2025-01,False
745,2025-01-14,14,1,2025,Tuesday,January,1,3,2025-01,False
746,2025-01-15,15,1,2025,Wednesday,January,1,3,2025-01,False
747,2025-01-16,16,1,2025,Thursday,January,1,3,2025-01,False
748,2025-01-17,17,1,2025,Friday,January,1,3,2025-01,False
749,2025-01-18,18,1,2025,Saturday,January,1,3,2025-01,True
750,2025-01-19,19,1,2025,Sunday,January,1,3,2025-01,True
751,2025-01-20,20,1,2025,Monday,January,1,4,2025-01,False
752,2025-01-21,21,1,2025,Tuesday,January,1,4,2025-01,False
753,2025-01-22,22,1,2025,Wednesday,January,1,4,2025-01,False
754,2025-01-23,23,1,2025,Thursday,January,1,4,2025-01,False
755,2025-01-24,24,1,2025,Friday,January,1,4,2025-01,False
756,2025-01-25,25,1,2025,Saturday,January,1,4,2025-01,True
757,2025-01-26,26,1,2025,Sunday,January,1,4,2025-01,True
758,2025-01-27,27,1,2025,Monday,January,1,5,2025-01,False
759,2025-01-28,28,1,2025,Tuesday,January,1,5,2025-01,False
760,2025-01-29,29,1,2025,Wednesday,January,1,5,2025-01,False
761,2025-01-30,30,1,2025,Thursday,January,1,5,2025-01,False
762,2025-01-31,31,1,2025,Friday,January,1,5,2025-01,False
763,2025-02-01,1,2,2025,Saturday,February,1,5,2025-02,True
764,2025-02-02,2,2,2025,Sunday,February,1,5,2025-02,True
765,2025-02-03,3,2,2025,Monday,February,1,6,2025-02,False
766,2025-02-04,4,2,2025,Tuesday,February,1,6,2025-02,False
767,2025-02-05,5,2,2025,Wednesday,February,1,6,2025-02,False
768,2025-02-06,6,2,2025,Thursday,February,1,6,2025-02,False
769,2025-02-07,7,2,2025,Friday,February,1,6,2025-02,False
770,2025-02-08,8,2,2025,Saturday,February,1,6,2025-02,True
771,2025-02-09,9,2,2025,Sunday,February,1,6,2025-02,True
772,2025-02-10,10,2,2025,Monday,February,1,7,2025-02,False
773,2025-02-11,11,2,2025,Tuesday,February,1,7,2025-02,False
774,2025-02-12,12,2,2025,Wednesday,February,1,7,2025-02,False
775,2025-02-13,13,2,2025,Thursday,February,1,7,2025-02,False
776,2025-02-14,14,2,2025,Friday,February,1,7,2025-02,False
777,2025-02-15,15,2,2025,Saturday,February,1,7,2025-02,True
778,2025-02-16,16,2,2025,Sunday,February,1,7,2025-02,True
779,2025-02-17,17,2,2025,Monday,February,1,8,2025-02,False
780,2025-02-18,18,2,2025,Tuesday,February,1,8,2025-02,False
781,2025-02-19,19,2,2025,Wednesday,February,1,8,2025-02,False
782,2025-02-20,20,2,2025,Thursday,February,1,8,2025-02,False
783,2025-02-21,21,2,2025,Friday,February,1,8,2025-02,False
784,2025-02-22,22,2,2025,Saturday,February,1,8,2025-02,True
785,2025-02-23,23,2,2025,Sunday,February,1,8,2025-02,True
786,2025-02-24,24,2,2025,Monday,February,1,9,2025-02,False
787,2025-02-25,25,2,2025,Tuesday,February,1,9,2025-02,False
788,2025-02-26,26,2,2025,Wednesday,February,1,9,2025-02,False
789,2025-02-27,27,2,2025,Thursday,February,1,9,2025-02,False
790,2025-02-28,28,2,2025,Friday,February,1,9,2025-02,False
791,2025-03-01,1,3,2025,Saturday,March,1,9,2025-03,True
792,2025-03-02,2,3,2025,Sunday,March,1,9,2025-03,True
793,2025-03-03,3,3,2025,Monday,March,1,10,2025-03,False
794,2025-03-04,4,3,2025,Tuesday,March,1,10,2025-03,False
795,2025-03-05,5,3,2025,Wednesday,March,1,10,2025-03,False
796,2025-03-06,6,3,2025,Thursday,March,1,10,2025-03,False
797,2025-03-07,7,3,2025,Friday,March,1,10,2025-03,False
798,2025-03-08,8,3,2025,Saturday,March,1,10,2025-03,True
799,2025-03-09,9,3,2025,Sunday,March,1,10,2025-03,True
800,2025-03-10,10,3,2025,Monday,March,1,11,2025-03,False
801,2025-03-11,11,3,2025,Tuesday,March,1,11,2025-03,False
802,2025-03-12,12,3,2025,Wednesday,March,1,11,2025-03,False
803,2025-03-13,13,3,2025,Thursday,March,1,11,2025-03,False
804,2025-03-14,14,3,2025,Friday,March,1,11,2025-03,False
805,2025-03-15,15,3,2025,Saturday,March,1,11,2025-03,True
806,2025-03-16,16,3,2025,Sunday,March,1,11,2025-03,True
807,2025-03-17,17,3,2025,Monday,March,1,12,2025-03,False
808,2025-03-18,18,3,2025,Tuesday,March,1,12,2025-03,False
809,2025-03-19,19,3,2025,Wednesday,March,1,12,2025-03,False
810,2025-03-20,20,3,2025,Thursday,March,1,12,2025-03,False
811,2025-03-21,21,3,2025,Friday,March,1,12,2025-03,False
812,2025-03-22,22,3,2025,Saturday,March,1,12,2025-03,True
813,2025-03-23,23,3,2025,Sunday,March,1,12,2025-03,True
814,2025-03-24,24,3,2025,Monday,March,1,13,2025-03,False
815,2025-03-25,25,3,2025,Tuesday,March,1,13,2025-03,False
816,2025-03-26,26,3,2025,Wednesday,March,1,13,2025-03,False
817,2025-03-27,27,3,2025,Thursday,March,1,13,2025-03,False
818,2025-03-28,28,3,2025,Friday,March,1,13,2025-03,False
819,2025-03-29,29,3,2025,Saturday,March,1,13,2025-03,True
820,2025-03-30,30,3,2025,Sunday,March,1,13,2025-03,True
821,2025-03-31,31,3,2025,Monday,March,1,14,2025-03,False
822,2025-04-01,1,4,2025,Tuesday,April,2,14,2025-04,False
823,2025-04-02,2,4,2025,Wednesday,April,2,14,2025-04,False
824,2025-04-03,3,4,2025,Thursday,April,2,14,2025-04,False
825,2025-04-04,4,4,2025,Friday,April,2,14,2025-04,False
826,2025-04-05,5,4,2025,Saturday,April,2,14,2025-04,True
827,2025-04-06,6,4,2025,Sunday,April,2,14,2025-04,True
828,2025-04-07,7,4,2025,Monday,April,2,15,2025-04,False
829,2025-04-08,8,4,2025,Tuesday,April,2,15,2025-04,False
830,2025-04-09,9,4,2025,Wednesday,April,2,15,2025-04,False
831,2025-04-10,10,4,2025,Thursday,April,2,15,2025-04,False
832,2025-04-11,11,4,2025,Friday,April,2,15,2025-04,False
833,2025-04-12,12,4,2025,Saturday,April,2,15,2025-04,True
834,2025-04-13,13,4,2025,Sunday,April,2,15,2025-04,True
835,2025-04-14,14,4,2025,Monday,April,2,16,2025-04,False
836,2025-04-15,15,4,2025,Tuesday,April,2,16,2025-04,False
837,2025-04-16,16,4,2025,Wednesday,April,2,16,2025-04,False
838,2025-04-17,17,4,2025,Thursday,April,2,16,2025-04,False
839,2025-04-18,18,4,2025,Friday,April,2,16,2025-04,False
840,2025-04-19,19,4,2025,Saturday,April,2,16,2025-04,True
841,2025-04-20,20,4,2025,Sunday,April,2,16,2025-04,True
842,2025-04-21,21,4,2025,Monday,April,2,17,2025-04,False
843,2025-04-22,22,4,2025,Tuesday,April,2,17,2025-04,False
844,2025-04-23,23,4,2025,Wednesday,April,2,17,2025-04,False
845,2025-04-24,24,4,2025,Thursday,April,2,17,2025-04,False
846,2025-04-25,25,4,2025,Friday,April,2,17,2025-04,False
847,2025-04-26,26,4,2025,Saturday,April,2,17,2025-04,True
848,2025-04-27,27,4,2025,Sunday,April,2,17,2025-04,True
849,2025-04-28,28,4,2025,Monday,April,2,18,2025-04,False
850,2025-04-29,29,4,2025,Tuesday,April,2,18,2025-04,False
851,2025-04-30,30,4,2025,Wednesday,April,2,18,2025-04,False
852,2025-05-01,1,5,2025,Thursday,May,2,18,2025-05,False
853,2025-05-02,2,5,2025,Friday,May,2,18,2025-05,False
854,2025-05-03,3,5,2025,Saturday,May,2,18,2025-05,True
855,2025-05-04,4,5,2025,Sunday,May,2,18,2025-05,True
856,2025-05-05,5,5,2025,Monday,May,2,19,2025-05,False
857,2025-05-06,6,5,2025,Tuesday,May,2,19,2025-05,False
858,2025-05-07,7,5,2025,Wednesday,May,2,19,2025-05,False
859,2025-05-08,8,5,2025,Thursday,May,2,19,2025-05,False
860,2025-05-09,9,5,2025,Friday,May,2,19,2025-05,False
861,2025-05-10,10,5,2025,Saturday,May,2,19,2025-05,True
862,2025-05-11,11,5,2025,Sunday,May,2,19,2025-05,True
863,2025-05-12,12,5,2025,Monday,May,2,20,2025-05,False
864,2025-05-13,13,5,2025,Tuesday,May,2,20,2025-05,False
865,2025-05-14,14,5,2025,Wednesday,May,2,20,2025-05,False
866,2025-05-15,15,5,2025,Thursday,May,2,20,2025-05,False
867,2025-05-16,16,5,2025,Friday,May,2,20,2025-05,False
868,2025-05-17,17,5,2025,Saturday,May,2,20,2025-05,True
869,2025-05-18,18,5,2025,Sunday,May,2,20,2025-05,True
870,2025-05-19,19,5,2025,Monday,May,2,21,2025-05,False
871,2025-05-20,20,5,2025,Tuesday,May,2,21,2025-05,False
872,2025-05-21,21,5,2025,Wednesday,May,2,21,2025-05,False
873,2025-05-22,22,5,2025,Thursday,May,2,21,2025-05,False
874,2025-05-23,23,5,2025,Friday,May,2,21,2025-05,False
875,2025-05-24,24,5,2025,Saturday,May,2,21,2025-05,True
876,2025-05-25,25,5,2025,Sunday,May,2,21,2025-05,True
877,2025-05-26,26,5,2025,Monday,May,2,22,2025-05,False
878,2025-05-27,27,5,2025,Tuesday,May,2,22,2025-05,False
879,2025-05-28,28,5,2025,Wednesday,May,2,22,2025-05,False
880,2025-05-29,29,5,2025,Thursday,May,2,22,2025-05,False
881,2025-05-30,30,5,2025,Friday,May,2,22,2025-05,False
882,2025-05-31,31,5,2025,Saturday,May,2,22,2025-05,True
883,2025-06-01,1,6,2025,Sunday,June,2,22,2025-06,True
884,2025-06-02,2,6,2025,Monday,June,2,23,2025-06,False
885,2025-06-03,3,6,2025,Tuesday,June,2,23,2025-06,False
886,2025-06-04,4,6,2025,Wednesday,June,2,23,2025-06,False
887,2025-06-05,5,6,2025,Thursday,June,2,23,2025-06,False
888,2025-06-06,6,6,2025,Friday,June,2,23,2025-06,False
889,2025-06-07,7,6,2025,Saturday,June,2,23,2025-06,True
890,2025-06-08,8,6,2025,Sunday,June,2,23,2025-06,True
891,2025-06-09,9,6,2025,Monday,June,2,24,2025-06,False
892,2025-06-10,10,6,2025,Tuesday,June,2,24,2025-06,False
893,2025-06-11,11,6,2025,Wednesday,June,2,24,2025-06,False
894,2025-06-12,12,6,2025,Thursday,June,2,24,2025-06,False
895,2025-06-13,13,6,2025,Friday,June,2,24,2025-06,False
896,2025-06-14,14,6,2025,Saturday,June,2,24,2025-06,True
897,2025-06-15,15,6,2025,Sunday,June,2,24,2025-06,True
898,2025-06-16,16,6,2025,Monday,June,2,25,2025-06,False
899,2025-06-17,17,6,2025,Tuesday,June,2,25,2025-06,False
900,2025-06-18,18,6,2025,Wednesday,June,2,25,2025-06,False
901,2025-06-19,19,6,2025,Thursday,June,2,25,2025-06,False
902,2025-06-20,20,6,2025,Friday,June,2,25,2025-06,False
903,2025-06-21,21,6,2025,Saturday,June,2,25,2025-06,True
904,2025-06-22,22,6,2025,Sunday,June,2,25,2025-06,True
905,2025-06-23,23,6,2025,Monday,June,2,26,2025-06,False
906,2025-06-24,24,6,2025,Tuesday,June,2,26,2025-06,False
907,2025-06-25,25,6,2025,Wednesday,June,2,26,2025-06,False
908,2025-06-26,26,6,2025,Thursday,June,2,26,2025-06,False
909,2025-06-27,27,6,2025,Friday,June,2,26,2025-06,False
910,2025-06-28,28,6,2025,Saturday,June,2,26,2025-06,True
911,2025-06-29,29,6,2025,Sunday,June,2,26,2025-06,True
912,2025-06-30,30,6,2025,Monday,June,2,27,2025-06,False
913,2025-07-01,1,7,2025,Tuesday,July,3,27,2025-07,False
914,2025-07-02,2,7,2025,Wednesday,July,3,27,2025-07,False
915,2025-07-03,3,7,2025,Thursday,July,3,27,2025-07,False
916,2025-07-04,4,7,2025,Friday,July,3,27,2025-07,False
917,2025-07-05,5,7,2025,Saturday,July,3,27,2025-07,True
918,2025-07-06,6,7,2025,Sunday,July,3,27,2025-07,True
919,2025-07-07,7,7,2025,Monday,July,3,28,2025-07,False
920,2025-07-08,8,7,2025,Tuesday,July,3,28,2025-07,False
921,2025-07-09,9,7,2025,Wednesday,July,3,28,2025-07,False
922,2025-07-10,10,7,2025,Thursday,July,3,28,2025-07,False
923,2025-07-11,11,7,2025,Friday,July,3,28,2025-07,False
924,2025-07-12,12,7,2025,Saturday,July,3,28,2025-07,True
925,2025-07-13,13,7,2025,Sunday,July,3,28,2025-07,True
926,2025-07-14,14,7,2025,Monday,July,3,29,2025-07,False
927,2025-07-15,15,7,2025,Tuesday,July,3,29,2025-07,False
928,2025-07-16,16,7,2025,Wednesday,July,3,29,2025-07,False
929,2025-07-17,17,7,2025,Thursday,July,3,29,2025-07,False
930,2025-07-18,18,7,2025,Friday,July,3,29,2025-07,False
931,2025-07-19,19,7,2025,Saturday,July,3,29,2025-07,True
932,2025-07-20,20,7,2025,Sunday,July,3,29,2025-07,True
933,2025-07-21,21,7,2025,Monday,July,3,30,2025-07,False
934,2025-07-22,22,7,2025,Tuesday,July,3,30,2025-07,False
935,2025-07-23,23,7,2025,Wednesday,July,3,30,2025-07,False
936,2025-07-24,24,7,2025,Thursday,July,3,30,2025-07,False
937,2025-07-25,25,7,2025,Friday,July,3,30,2025-07,False
938,2025-07-26,26,7,2025,Saturday,July,3,30,2025-07,True
939,2025-07-27,27,7,2025,Sunday,July,3,30,2025-07,True
940,2025-07-28,28,7,2025,Monday,July,3,31,2025-07,False
941,2025-07-29,29,7,2025,Tuesday,July,3,31,2025-07,False
942,2025-07-30,30,7,2025,Wednesday,July,3,31,2025-07,False
943,2025-07-31,31,7,2025,Thursday,July,3,31,2025-07,False
944,2025-08-01,1,8,2025,Friday,August,3,31,2025-08,False
945,2025-08-02,2,8,2025,Saturday,August,3,31,2025-08,True
946,2025-08-03,3,8,2025,Sunday,August,3,31,2025-08,True
947,2025-08-04,4,8,2025,Monday,August,3,32,2025-08,False
948,2025-08-05,5,8,2025,Tuesday,August,3,32,2025-08,False
949,2025-08-06,6,8,2025,Wednesday,August,3,32,2025-08,False
950,2025-08-07,7,8,2025,Thursday,August,3,32,2025-08,False
951,2025-08-08,8,8,2025,Friday,August,3,32,2025-08,False
952,2025-08-09,9,8,2025,Saturday,August,3,32,2025-08,True
953,2025-08-10,10,8,2025,Sunday,August,3,32,2025-08,True
954,2025-08-11,11,8,2025,Monday,August,3,33,2025-08,False
955,2025-08-12,12,8,2025,Tuesday,August,3,33,2025-08,False
956,2025-08-13,13,8,2025,Wednesday,August,3,33,2025-08,False
957,2025-08-14,14,8,2025,Thursday,August,3,33,2025-08,False
958,2025-08-15,15,8,2025,Friday,August,3,33,2025-08,False
959,2025-08-16,16,8,2025,Saturday,August,3,33,2025-08,True
960,2025-08-17,17,8,2025,Sunday,August,3,33,2025-08,True
961,2025-08-18,18,8,2025,Monday,August,3,34,2025-08,False
962,2025-08-19,19,8,2025,Tuesday,August,3,34,2025-08,False
963,2025-08-20,20,8,2025,Wednesday,August,3,34,2025-08,False
964,2025-08-21,21,8,2025,Thursday,August,3,34,2025-08,False
965,2025-08-22,22,8,2025,Friday,August,3,34,2025-08,False
966,2025-08-23,23,8,2025,Saturday,August,3,34,2025-08,True
967,2025-08-24,24,8,2025,Sunday,August,3,34,2025-08,True
968,2025-08-25,25,8,2025,Monday,August,3,35,2025-08,False
969,2025-08-26,26,8,2025,Tuesday,August,3,35,2025-08,False
970,2025-08-27,27,8,2025,Wednesday,August,3,35,2025-08,False
971,2025-08-28,28,8,2025,Thursday,August,3,35,2025-08,False
972,2025-08-29,29,8,2025,Friday,August,3,35,2025-08,False
973,2025-08-30,30,8,2025,Saturday,August,3,35,2025-08,True
974,2025-08-31,31,8,2025,Sunday,August,3,35,2025-08,True
975,2025-09-01,1,9,2025,Monday,September,3,36,2025-09,False
976,2025-09-02,2,9,2025,Tuesday,September,3,36,2025-09,False
977,2025-09-03,3,9,2025,Wednesday,September,3,36,2025-09,False
978,2025-09-04,4,9,2025,Thursday,September,3,36,2025-09,False
979,2025-09-05,5,9,2025,Friday,September,3,36,2025-09,False
980,2025-09-06,6,9,2025,Saturday,September,3,36,2025-09,True
981,2025-09-07,7,9,2025,Sunday,September,3,36,2025-09,True
982,2025-09-08,8,9,2025,Monday,September,3,37,2025-09,False
983,2025-09-09,9,9,2025,Tuesday,September,3,37,2025-09,False
984,2025-09-10,10,9,2025,Wednesday,September,3,37,2025-09,False
985,2025-09-11,11,9,2025,Thursday,September,3,37,2025-09,False
986,2025-09-12,12,9,2025,Friday,September,3,37,2025-09,False
987,2025-09-13,13,9,2025,Saturday,September,3,37,2025-09,True
988,2025-09-14,14,9,2025,Sunday,September,3,37,2025-09,True
989,2025-09-15,15,9,2025,Monday,September,3,38,2025-09,False
990,2025-09-16,16,9,2025,Tuesday,September,3,38,2025-09,False
991,2025-09-17,17,9,2025,Wednesday,September,3,38,2025-09,False
992,2025-09-18,18,9,2025,Thursday,September,3,38,2025-09,False
993,2025-09-19,19,9,2025,Friday,September,3,38,2025-09,False
994,2025-09-20,20,9,2025,Saturday,September,3,38,2025-09,True
995,2025-09-21,21,9,2025,Sunday,September,3,38,2025-09,True
996,2025-09-22,22,9,2025,Monday,September,3,39,2025-09,False
997,2025-09-23,23,9,2025,Tuesday,September,3,39,2025-09,False
998,2025-09-24,24,9,2025,Wednesday,September,3,39,2025-09,False
999,2025-09-25,25,9,2025,Thursday,September,3,39,2025-09,False
1000,2025-09-26,26,9,2025,Friday,September,3,39,2025-09,False
1001,2025-09-27,27,9,2025,Saturday,September,3,39,2025-09,True
1002,2025-09-28,28,9,2025,Sunday,September,3,39,2025-09,True
1003,2025-09-29,29,9,2025,Monday,September,3,40,2025-09,False
1004,2025-09-30,30,9,2025,Tuesday,September,3,40,2025-09,False
1005,2025-10-01,1,10,2025,Wednesday,October,4,40,2025-10,False
1006,2025-10-02,2,10,2025,Thursday,October,4,40,2025-10,False
1007,2025-10-03,3,10,2025,Friday,October,4,40,2025-10,False
1008,2025-10-04,4,10,2025,Saturday,October,4,40,2025-10,True
1009,2025-10-05,5,10,2025,Sunday,October,4,40,2025-10,True
1010,2025-10-06,6,10,2025,Monday,October,4,41,2025-10,False
1011,2025-10-07,7,10,2025,Tuesday,October,4,41,2025-10,False
1012,2025-10-08,8,10,2025,Wednesday,October,4,41,2025-10,False
1013,2025-10-09,9,10,2025,Thursday,October,4,41,2025-10,False
1014,2025-10-10,10,10,2025,Friday,October,4,41,2025-10,False
1015,2025-10-11,11,10,2025,Saturday,October,4,41,2025-10,True
1016,2025-10-12,12,10,2025,Sunday,October,4,41,2025-10,True
1017,2025-10-13,13,10,2025,Monday,October,4,42,2025-10,False
1018,2025-10-14,14,10,2025,Tuesday,October,4,42,2025-10,False
1019,2025-10-15,15,10,2025,Wednesday,October,4,42,2025-10,False
1020,2025-10-16,16,10,2025,Thursday,October,4,42,2025-10,False
1021,2025-10-17,17,10,2025,Friday,October,4,42,2025-10,False
1022,2025-10-18,18,10,2025,Saturday,October,4,42,2025-10,True
1023,2025-10-19,19,10,2025,Sunday,October,4,42,2025-10,True
1024,2025-10-20,20,10,2025,Monday,October,4,43,2025-10,False
1025,2025-10-21,21,10,2025,Tuesday,October,4,43,2025-10,False
1026,2025-10-22,22,10,2025,Wednesday,October,4,43,2025-10,False
1027,2025-10-23,23,10,2025,Thursday,October,4,43,2025-10,False
1028,2025-10-24,24,10,2025,Friday,October,4,43,2025-10,False
1029,2025-10-25,25,10,2025,Saturday,October,4,43,2025-10,True
1030,2025-10-26,26,10,2025,Sunday,October,4,43,2025-10,True
1031,2025-10-27,27,10,2025,Monday,October,4,44,2025-10,False
1032,2025-10-28,28,10,2025,Tuesday,October,4,44,2025-10,False
1033,2025-10-29,29,10,2025,Wednesday,October,4,44,2025-10,False
1034,2025-10-30,30,10,2025,Thursday,October,4,44,2025-10,False
1035,2025-10-31,31,10,2025,Friday,October,4,44,2025-10,False
1036,2025-11-01,1,11,2025,Saturday,November,4,44,2025-11,True
1037,2025-11-02,2,11,2025,Sunday,November,4,44,2025-11,True
1038,2025-11-03,3,11,2025,Monday,November,4,45,2025-11,False
1039,2025-11-04,4,11,2025,Tuesday,November,4,45,2025-11,False
1040,2025-11-05,5,11,2025,Wednesday,November,4,45,2025-11,False
1041,2025-11-06,6,11,2025,Thursday,November,4,45,2025-11,False
1042,2025-11-07,7,11,2025,Friday,November,4,45,2025-11,False
1043,2025-11-08,8,11,2025,Saturday,November,4,45,2025-11,True
1044,2025-11-09,9,11,2025,Sunday,November,4,45,2025-11,True
1045,2025-11-10,10,11,2025,Monday,November,4,46,2025-11,False
1046,2025-11-11,11,11,2025,Tuesday,November,4,46,2025-11,False
1047,2025-11-12,12,11,2025,Wednesday,November,4,46,2025-11,False
1048,2025-11-13,13,11,2025,Thursday,November,4,46,2025-11,False
1049,2025-11-14,14,11,2025,Friday,November,4,46,2025-11,False
1050,2025-11-15,15,11,2025,Saturday,November,4,46,2025-11,True
1051,2025-11-16,16,11,2025,Sunday,November,4,46,2025-11,True
1052,2025-11-17,17,11,2025,Monday,November,4,47,2025-11,False
1053,2025-11-18,18,11,2025,Tuesday,November,4,47,2025-11,False
1054,2025-11-19,19,11,2025,Wednesday,November,4,47,2025-11,False
1055,2025-11-20,20,11,2025,Thursday,November,4,47,2025-11,False
1056,2025-11-21,21,11,2025,Friday,November,4,47,2025-11,False
1057,2025-11-22,22,11,2025,Saturday,November,4,47,2025-11,True
1058,2025-11-23,23,11,2025,Sunday,November,4,47,2025-11,True
1059,2025-11-24,24,11,2025,Monday,November,4,48,2025-11,False
1060,2025-11-25,25,11,2025,Tuesday,November,4,48,2025-11,False
1061,2025-11-26,26,11,2025,Wednesday,November,4,48,2025-11,False
1062,2025-11-27,27,11,2025,Thursday,November,4,48,2025-11,False
1063,2025-11-28,28,11,2025,Friday,November,4,48,2025-11,False
1064,2025-11-29,29,11,2025,Saturday,November,4,48,2025-11,True
1065,2025-11-30,30,11,2025,Sunday,November,4,48,2025-11,True
1066,2025-12-01,1,12,2025,Monday,December,4,49,2025-12,False
1067,2025-12-02,2,12,2025,Tuesday,December,4,49,2025-12,False
1068,2025-12-03,3,12,2025,Wednesday,December,4,49,2025-12,False
1069,2025-12-04,4,12,2025,Thursday,December,4,49,2025-12,False
1070,2025-12-05,5,12,2025,Friday,December,4,49,2025-12,False
1071,2025-12-06,6,12,2025,Saturday,December,4,49,2025-12,True
1072,2025-12-07,7,12,2025,Sunday,December,4,49,2025-12,True
1073,2025-12-08,8,12,2025,Monday,December,4,50,2025-12,False
1074,2025-12-09,9,12,2025,Tuesday,December,4,50,2025-12,False
1075,2025-12-10,10,12,2025,Wednesday,December,4,50,2025-12,False
1076,2025-12-11,11,12,2025,Thursday,December,4,50,2025-12,False
1077,2025-12-12,12,12,2025,Friday,December,4,50,2025-12,False
1078,2025-12-13,13,12,2025,Saturday,December,4,50,2025-12,True
1079,2025-12-14,14,12,2025,Sunday,December,4,50,2025-12,True
1080,2025-12-15,15,12,2025,Monday,December,4,51,2025-12,False
1081,2025-12-16,16,12,2025,Tuesday,December,4,51,2025-12,False
1082,2025-12-17,17,12,2025,Wednesday,December,4,51,2025-12,False
1083,2025-12-18,18,12,2025,Thursday,December,4,51,2025-12,False
1084,2025-12-19,19,12,2025,Friday,December,4,51,2025-12,False
1085,2025-12-20,20,12,2025,Saturday,December,4,51,2025-12,True
1086,2025-12-21,21,12,2025,Sunday,December,4,51,2025-12,True
1087,2025-12-22,22,12,2025,Monday,December,4,52,2025-12,False
1088,2025-12-23,23,12,2025,Tuesday,December,4,52,2025-12,False
1089,2025-12-24,24,12,2025,Wednesday,December,4,52,2025-12,False
1090,2025-12-25,25,12,2025,Thursday,December,4,52,2025-12,False
1091,2025-12-26,26,12,2025,Friday,December,4,52,2025-12,False
1092,2025-12-27,27,12,2025,Saturday,December,4,52,2025-12,True
1093,2025-12-28,28,12,2025,Sunday,December,4,52,2025-12,True
1094,2025-12-29,29,12,2025,Monday,December,4,1,2025-12,False
1095,2025-12-30,30,12,2025,Tuesday,December,4,1,2025-12,False
1096,2025-12-31,31,12,2025,Wednesday,December,4,1,2025-12,False
1097,2026-01-01,1,1,2026,Thursday,January,1,1,2026-01,False
1098,2026-01-02,2,1,2026,Friday,January,1,1,2026-01,False
1099,2026-01-03,3,1,2026,Saturday,January,1,1,2026-01,True
1100,2026-01-04,4,1,2026,Sunday,January,1,1,2026-01,True
1101,2026-01-05,5,1,2026,Monday,January,1,2,2026-01,False
1102,2026-01-06,6,1,2026,Tuesday,January,1,2,2026-01,False
1103,2026-01-07,7,1,2026,Wednesday,January,1,2,2026-01,False
1104,2026-01-08,8,1,2026,Thursday,January,1,2,2026-01,False
1105,2026-01-09,9,1,2026,Friday,January,1,2,2026-01,False
1106,2026-01-10,10,1,2026,Saturday,January,1,2,2026-01,True
1107,2026-01-11,11,1,2026,Sunday,January,1,2,2026-01,True
1108,2026-01-12,12,1,2026,Monday,January,1,3,2026-01,False
1109,2026-01-13,13,1,2026,Tuesday,January,1,3,2026-01,False
1110,2026-01-14,14,1,2026,Wednesday,January,1,3,2026-01,False
1111,2026-01-15,15,1,2026,Thursday,January,1,3,2026-01,False
1112,2026-01-16,16,1,2026,Friday,January,1,3,2026-01,False
1113,2026-01-17,17,1,2026,Saturday,January,1,3,2026-01,True
1114,2026-01-18,18,1,2026,Sunday,January,1,3,2026-01,True
1115,2026-01-19,19,1,2026,Monday,January,1,4,2026-01,False
1116,2026-01-20,20,1,2026,Tuesday,January,1,4,2026-01,False
1117,2026-01-21,21,1,2026,Wednesday,January,1,4,2026-01,False
1118,2026-01-22,22,1,2026,Thursday,January,1,4,2026-01,False
1119,2026-01-23,23,1,2026,Friday,January,1,4,2026-01,False
1120,2026-01-24,24,1,2026,Saturday,January,1,4,2026-01,True
1121,2026-01-25,25,1,2026,Sunday,January,1,4,2026-01,True
1122,2026-01-26,26,1,2026,Monday,January,1,5,2026-01,False
1123,2026-01-27,27,1,2026,Tuesday,January,1,5,2026-01,False
1124,2026-01-28,28,1,2026,Wednesday,January,1,5,2026-01,False
1125,2026-01-29,29,1,2026,Thursday,January,1,5,2026-01,False
1126,2026-01-30,30,1,2026,Friday,January,1,5,2026-01,False
1127,2026-01-31,31,1,2026,Saturday,January,1,5,2026-01,True
1128,2026-02-01,1,2,2026,Sunday,February,1,5,2026-02,True
1129,2026-02-02,2,2,2026,Monday,February,1,6,2026-02,False
1130,2026-02-03,3,2,2026,Tuesday,February,1,6,2026-02,False
1131,2026-02-04,4,2,2026,Wednesday,February,1,6,2026-02,False
1132,2026-02-05,5,2,2026,Thursday,February,1,6,2026-02,False
1133,2026-02-06,6,2,2026,Friday,February,1,6,2026-02,False
1134,2026-02-07,7,2,2026,Saturday,February,1,6,2026-02,True
1135,2026-02-08,8,2,2026,Sunday,February,1,6,2026-02,True
1136,2026-02-09,9,2,2026,Monday,February,1,7,2026-02,False
1137,2026-02-10,10,2,2026,Tuesday,February,1,7,2026-02,False
1138,2026-02-11,11,2,2026,Wednesday,February,1,7,2026-02,False
1139,2026-02-12,12,2,2026,Thursday,February,1,7,2026-02,False
1140,2026-02-13,13,2,2026,Friday,February,1,7,2026-02,False
1141,2026-02-14,14,2,2026,Saturday,February,1,7,2026-02,True
1142,2026-02-15,15,2,2026,Sunday,February,1,7,2026-02,True
1143,2026-02-16,16,2,2026,Monday,February,1,8,2026-02,False
1144,2026-02-17,17,2,2026,Tuesday,February,1,8,2026-02,False
1145,2026-02-18,18,2,2026,Wednesday,February,1,8,2026-02,False
1146,2026-02-19,19,2,2026,Thursday,February,1,8,2026-02,False
1147,2026-02-20,20,2,2026,Friday,February,1,8,2026-02,False
1148,2026-02-21,21,2,2026,Saturday,February,1,8,2026-02,True
1149,2026-02-22,22,2,2026,Sunday,February,1,8,2026-02,True
1150,2026-02-23,23,2,2026,Monday,February,1,9,2026-02,False
1151,2026-02-24,24,2,2026,Tuesday,February,1,9,2026-02,False
1152,2026-02-25,25,2,2026,Wednesday,February,1,9,2026-02,False
1153,2026-02-26,26,2,2026,Thursday,February,1,9,2026-02,False
1154,2026-02-27,27,2,2026,Friday,February,1,9,2026-02,False
1155,2026-02-28,28,2,2026,Saturday,February,1,9,2026-02,True
1156,2026-03-01,1,3,2026,Sunday,March,1,9,2026-03,True
1157,2026-03-02,2,3,2026,Monday,March,1,10,2026-03,False
1158,2026-03-03,3,3,2026,Tuesday,March,1,10,2026-03,False
1159,2026-03-04,4,3,2026,Wednesday,March,1,10,2026-03,False
1160,2026-03-05,5,3,2026,Thursday,March,1,10,2026-03,False
1161,2026-03-06,6,3,2026,Friday,March,1,10,2026-03,False
1162,2026-03-07,7,3,2026,Saturday,March,1,10,2026-03,True
1163,2026-03-08,8,3,2026,Sunday,March,1,10,2026-03,True
1164,2026-03-09,9,3,2026,Monday,March,1,11,2026-03,False
1165,2026-03-10,10,3,2026,Tuesday,March,1,11,2026-03,False
1166,2026-03-11,11,3,2026,Wednesday,March,1,11,2026-03,False
1167,2026-03-12,12,3,2026,Thursday,March,1,11,2026-03,False
1168,2026-03-13,13,3,2026,Friday,March,1,11,2026-03,False
1169,2026-03-14,14,3,2026,Saturday,March,1,11,2026-03,True
1170,2026-03-15,15,3,2026,Sunday,March,1,11,2026-03,True
1171,2026-03-16,16,3,2026,Monday,March,1,12,2026-03,False
1172,2026-03-17,17,3,2026,Tuesday,March,1,12,2026-03,False
1173,2026-03-18,18,3,2026,Wednesday,March,1,12,2026-03,False
1174,2026-03-19,19,3,2026,Thursday,March,1,12,2026-03,False
1175,2026-03-20,20,3,2026,Friday,March,1,12,2026-03,False
1176,2026-03-21,21,3,2026,Saturday,March,1,12,2026-03,True
1177,2026-03-22,22,3,2026,Sunday,March,1,12,2026-03,True
1178,2026-03-23,23,3,2026,Monday,March,1,13,2026-03,False
1179,2026-03-24,24,3,2026,Tuesday,March,1,13,2026-03,False
1180,2026-03-25,25,3,2026,Wednesday,March,1,13,2026-03,False
1181,2026-03-26,26,3,2026,Thursday,March,1,13,2026-03,False
1182,2026-03-27,27,3,2026,Friday,March,1,13,2026-03,False
1183,2026-03-28,28,3,2026,Saturday,March,1,13,2026-03,True
1184,2026-03-29,29,3,2026,Sunday,March,1,13,2026-03,True
1185,2026-03-30,30,3,2026,Monday,March,1,14,2026-03,False
1186,2026-03-31,31,3,2026,Tuesday,March,1,14,2026-03,False
1187,2026-04-01,1,4,2026,Wednesday,April,2,14,2026-04,False
1188,2026-04-02,2,4,2026,Thursday,April,2,14,2026-04,False
1189,2026-04-03,3,4,2026,Friday,April,2,14,2026-04,False
1190,2026-04-04,4,4,2026,Saturday,April,2,14,2026-04,True
1191,2026-04-05,5,4,2026,Sunday,April,2,14,2026-04,True
1192,2026-04-06,6,4,2026,Monday,April,2,15,2026-04,False
1193,2026-04-07,7,4,2026,Tuesday,April,2,15,2026-04,False
1194,2026-04-08,8,4,2026,Wednesday,April,2,15,2026-04,False
1195,2026-04-09,9,4,2026,Thursday,April,2,15,2026-04,False
1196,2026-04-10,10,4,2026,Friday,April,2,15,2026-04,False
1197,2026-04-11,11,4,2026,Saturday,April,2,15,2026-04,True
1198,2026-04-12,12,4,2026,Sunday,April,2,15,2026-04,True
1199,2026-04-13,13,4,2026,Monday,April,2,16,2026-04,False
1200,2026-04-14,14,4,2026,Tuesday,April,2,16,2026-04,False
1201,2026-04-15,15,4,2026,Wednesday,April,2,16,2026-04,False
1202,2026-04-16,16,4,2026,Thursday,April,2,16,2026-04,False
1203,2026-04-17,17,4,2026,Friday,April,2,16,2026-04,False
1204,2026-04-18,18,4,2026,Saturday,April,2,16,2026-04,True
1205,2026-04-19,19,4,2026,Sunday,April,2,16,2026-04,True
1206,2026-04-20,20,4,2026,Monday,April,2,17,2026-04,False
1207,2026-04-21,21,4,2026,Tuesday,April,2,17,2026-04,False
1208,2026-04-22,22,4,2026,Wednesday,April,2,17,2026-04,False
1209,2026-04-23,23,4,2026,Thursday,April,2,17,2026-04,False
1210,2026-04-24,24,4,2026,Friday,April,2,17,2026-04,False
1211,2026-04-25,25,4,2026,Saturday,April,2,17,2026-04,True
1212,2026-04-26,26,4,2026,Sunday,April,2,17,2026-04,True
1213,2026-04-27,27,4,2026,Monday,April,2,18,2026-04,False
1214,2026-04-28,28,4,2026,Tuesday,April,2,18,2026-04,False
1215,2026-04-29,29,4,2026,Wednesday,April,2,18,2026-04,False
1216,2026-04-30,30,4,2026,Thursday,April,2,18,2026-04,False
1217,2026-05-01,1,5,2026,Friday,May,2,18,2026-05,False
1218,2026-05-02,2,5,2026,Saturday,May,2,18,2026-05,True
1219,2026-05-03,3,5,2026,Sunday,May,2,18,2026-05,True
1220,2026-05-04,4,5,2026,Monday,May,2,19,2026-05,False
1221,2026-05-05,5,5,2026,Tuesday,May,2,19,2026-05,False
1222,2026-05-06,6,5,2026,Wednesday,May,2,19,2026-05,False
1223,2026-05-07,7,5,2026,Thursday,May,2,19,2026-05,False
1224,2026-05-08,8,5,2026,Friday,May,2,19,2026-05,False
1225,2026-05-09,9,5,2026,Saturday,May,2,19,2026-05,True
1226,2026-05-10,10,5,2026,Sunday,May,2,19,2026-05,True
1227,2026-05-11,11,5,2026,Monday,May,2,20,2026-05,False
1228,2026-05-12,12,5,2026,Tuesday,May,2,20,2026-05,False
1229,2026-05-13,13,5,2026,Wednesday,May,2,20,2026-05,False
1230,2026-05-14,14,5,2026,Thursday,May,2,20,2026-05,False
1231,2026-05-15,15,5,2026,Friday,May,2,20,2026-05,False
1232,2026-05-16,16,5,2026,Saturday,May,2,20,2026-05,True
1233,2026-05-17,17,5,2026,Sunday,May,2,20,2026-05,True
1234,2026-05-18,18,5,2026,Monday,May,2,21,2026-05,False
1235,2026-05-19,19,5,2026,Tuesday,May,2,21,2026-05,False
1236,2026-05-20,20,5,2026,Wednesday,May,2,21,2026-05,False
1237,2026-05-21,21,5,2026,Thursday,May,2,21,2026-05,False
1238,2026-05-22,22,5,2026,Friday,May,2,21,2026-05,False
1239,2026-05-23,23,5,2026,Saturday,May,2,21,2026-05,True
1240,2026-05-24,24,5,2026,Sunday,May,2,21,2026-05,True
1241,2026-05-25,25,5,2026,Monday,May,2,22,2026-05,False
1242,2026-05-26,26,5,2026,Tuesday,May,2,22,2026-05,False
1243,2026-05-27,27,5,2026,Wednesday,May,2,22,2026-05,False
1244,2026-05-28,28,5,2026,Thursday,May,2,22,2026-05,False
1245,2026-05-29,29,5,2026,Friday,May,2,22,2026-05,False
1246,2026-05-30,30,5,2026,Saturday,May,2,22,2026-05,True
1247,2026-05-31,31,5,2026,Sunday,May,2,22,2026-05,True
1248,2026-06-01,1,6,2026,Monday,June,2,23,2026-06,False
1249,2026-06-02,2,6,2026,Tuesday,June,2,23,2026-06,False
1250,2026-06-03,3,6,2026,Wednesday,June,2,23,2026-06,False
1251,2026-06-04,4,6,2026,Thursday,June,2,23,2026-06,False
1252,2026-06-05,5,6,2026,Friday,June,2,23,2026-06,False
1253,2026-06-06,6,6,2026,Saturday,June,2,23,2026-06,True
1254,2026-06-07,7,6,2026,Sunday,June,2,23,2026-06,True
1255,2026-06-08,8,6,2026,Monday,June,2,24,2026-06,False
1256,2026-06-09,9,6,2026,Tuesday,June,2,24,2026-06,False
1257,2026-06-10,10,6,2026,Wednesday,June,2,24,2026-06,False
1258,2026-06-11,11,6,2026,Thursday,June,2,24,2026-06,False
1259,2026-06-12,12,6,2026,Friday,June,2,24,2026-06,False
1260,2026-06-13,13,6,2026,Saturday,June,2,24,2026-06,True
1261,2026-06-14,14,6,2026,Sunday,June,2,24,2026-06,True
1262,2026-06-15,15,6,2026,Monday,June,2,25,2026-06,False
1263,2026-06-16,16,6,2026,Tuesday,June,2,25,2026-06,False
1264,2026-06-17,17,6,2026,Wednesday,June,2,25,2026-06,False
1265,2026-06-18,18,6,2026,Thursday,June,2,25,2026-06,False
1266,2026-06-19,19,6,2026,Friday,June,2,25,2026-06,False
1267,2026-06-20,20,6,2026,Saturday,June,2,25,2026-06,True
1268,2026-06-21,21,6,2026,Sunday,June,2,25,2026-06,True
1269,2026-06-22,22,6,2026,Monday,June,2,26,2026-06,False
1270,2026-06-23,23,6,2026,Tuesday,June,2,26,2026-06,False
1271,2026-06-24,24,6,2026,Wednesday,June,2,26,2026-06,False
1272,2026-06-25,25,6,2026,Thursday,June,2,26,2026-06,False
1273,2026-06-26,26,6,2026,Friday,June,2,26,2026-06,False
1274,2026-06-27,27,6,2026,Saturday,June,2,26,2026-06,True
1275,2026-06-28,28,6,2026,Sunday,June,2,26,2026-06,True
1276,2026-06-29,29,6,2026,Monday,June,2,27,2026-06,False
1277,2026-06-30,30,6,2026,Tuesday,June,2,27,2026-06,False
1278,2026-07-01,1,7,2026,Wednesday,July,3,27,2026-07,False
1279,2026-07-02,2,7,2026,Thursday,July,3,27,2026-07,False
1280,2026-07-03,3,7,2026,Friday,July,3,27,2026-07,False
1281,2026-07-04,4,7,2026,Saturday,July,3,27,2026-07,True
1282,2026-07-05,5,7,2026,Sunday,July,3,27,2026-07,True
1283,2026-07-06,6,7,2026,Monday,July,3,28,2026-07,False
1284,2026-07-07,7,7,2026,Tuesday,July,3,28,2026-07,False
1285,2026-07-08,8,7,2026,Wednesday,July,3,28,2026-07,False
1286,2026-07-09,9,7,2026,Thursday,July,3,28,2026-07,False
1287,2026-07-10,10,7,2026,Friday,July,3,28,2026-07,False
1288,2026-07-11,11,7,2026,Saturday,July,3,28,2026-07,True
1289,2026-07-12,12,7,2026,Sunday,July,3,28,2026-07,True
1290,2026-07-13,13,7,2026,Monday,July,3,29,2026-07,False
1291,2026-07-14,14,7,2026,Tuesday,July,3,29,2026-07,False
1292,2026-07-15,15,7,2026,Wednesday,July,3,29,2026-07,False
1293,2026-07-16,16,7,2026,Thursday,July,3,29,2026-07,False
1294,2026-07-17,17,7,2026,Friday,July,3,29,2026-07,False
1295,2026-07-18,18,7,2026,Saturday,July,3,29,2026-07,True
1296,2026-07-19,19,7,2026,Sunday,July,3,29,2026-07,True
1297,2026-07-20,20,7,2026,Monday,July,3,30,2026-07,False
1298,2026-07-21,21,7,2026,Tuesday,July,3,30,2026-07,False
1299,2026-07-22,22,7,2026,Wednesday,July,3,30,2026-07,False
1300,2026-07-23,23,7,2026,Thursday,July,3,30,2026-07,False
1301,2026-07-24,24,7,2026,Friday,July,3,30,2026-07,False
1302,2026-07-25,25,7,2026,Saturday,July,3,30,2026-07,True
1303,2026-07-26,26,7,2026,Sunday,July,3,30,2026-07,True
1304,2026-07-27,27,7,2026,Monday,July,3,31,2026-07,False
1305,2026-07-28,28,7,2026,Tuesday,July,3,31,2026-07,False
1306,2026-07-29,29,7,2026,Wednesday,July,3,31,2026-07,False
1307,2026-07-30,30,7,2026,Thursday,July,3,31,2026-07,False
1308,2026-07-31,31,7,2026,Friday,July,3,31,2026-07,False
1309,2026-08-01,1,8,2026,Saturday,August,3,31,2026-08,True
1310,2026-08-02,2,8,2026,Sunday,August,3,31,2026-08,True
1311,2026-08-03,3,8,2026,Monday,August,3,32,2026-08,False
1312,2026-08-04,4,8,2026,Tuesday,August,3,32,2026-08,False
1313,2026-08-05,5,8,2026,Wednesday,August,3,32,2026-08,False
1314,2026-08-06,6,8,2026,Thursday,August,3,32,2026-08,False
1315,2026-08-07,7,8,2026,Friday,August,3,32,2026-08,False
1316,2026-08-08,8,8,2026,Saturday,August,3,32,2026-08,True
1317,2026-08-09,9,8,2026,Sunday,August,3,32,2026-08,True
1318,2026-08-10,10,8,2026,Monday,August,3,33,2026-08,False
1319,2026-08-11,11,8,2026,Tuesday,August,3,33,2026-08,False
1320,2026-08-12,12,8,2026,Wednesday,August,3,33,2026-08,False
1321,2026-08-13,13,8,2026,Thursday,August,3,33,2026-08,False
1322,2026-08-14,14,8,2026,Friday,August,3,33,2026-08,False
1323,2026-08-15,15,8,2026,Saturday,August,3,33,2026-08,True
1324,2026-08-16,16,8,2026,Sunday,August,3,33,2026-08,True
1325,2026-08-17,17,8,2026,Monday,August,3,34,2026-08,False
1326,2026-08-18,18,8,2026,Tuesday,August,3,34,2026-08,False
1327,2026-08-19,19,8,2026,Wednesday,August,3,34,2026-08,False
1328,2026-08-20,20,8,2026,Thursday,August,3,34,2026-08,False
1329,2026-08-21,21,8,2026,Friday,August,3,34,2026-08,False
1330,2026-08-22,22,8,2026,Saturday,August,3,34,2026-08,True
1331,2026-08-23,23,8,2026,Sunday,August,3,34,2026-08,True
1332,2026-08-24,24,8,2026,Monday,August,3,35,2026-08,False
1333,2026-08-25,25,8,2026,Tuesday,August,3,35,2026-08,False
1334,2026-08-26,26,8,2026,Wednesday,August,3,35,2026-08,False
1335,2026-08-27,27,8,2026,Thursday,August,3,35,2026-08,False
1336,2026-08-28,28,8,2026,Friday,August,3,35,2026-08,False
1337,2026-08-29,29,8,2026,Saturday,August,3,35,2026-08,True
1338,2026-08-30,30,8,2026,Sunday,August,3,35,2026-08,True
1339,2026-08-31,31,8,2026,Monday,August,3,36,2026-08,False
1340,2026-09-01,1,9,2026,Tuesday,September,3,36,2026-09,False
1341,2026-09-02,2,9,2026,Wednesday,September,3,36,2026-09,False
1342,2026-09-03,3,9,2026,Thursday,September,3,36,2026-09,False
1343,2026-09-04,4,9,2026,Friday,September,3,36,2026-09,False
1344,2026-09-05,5,9,2026,Saturday,September,3,36,2026-09,True
1345,2026-09-06,6,9,2026,Sunday,September,3,36,2026-09,True
1346,2026-09-07,7,9,2026,Monday,September,3,37,2026-09,False
1347,2026-09-08,8,9,2026,Tuesday,September,3,37,2026-09,False
1348,2026-09-09,9,9,2026,Wednesday,September,3,37,2026-09,False
1349,2026-09-10,10,9,2026,Thursday,September,3,37,2026-09,False
1350,2026-09-11,11,9,2026,Friday,September,3,37,2026-09,False
1351,2026-09-12,12,9,2026,Saturday,September,3,37,2026-09,True
1352,2026-09-13,13,9,2026,Sunday,September,3,37,2026-09,True
1353,2026-09-14,14,9,2026,Monday,September,3,38,2026-09,False
1354,2026-09-15,15,9,2026,Tuesday,September,3,38,2026-09,False
1355,2026-09-16,16,9,2026,Wednesday,September,3,38,2026-09,False
1356,2026-09-17,17,9,2026,Thursday,September,3,38,2026-09,False
1357,2026-09-18,18,9,2026,Friday,September,3,38,2026-09,False
1358,2026-09-19,19,9,2026,Saturday,September,3,38,2026-09,True
1359,2026-09-20,20,9,2026,Sunday,September,3,38,2026-09,True
1360,2026-09-21,21,9,2026,Monday,September,3,39,2026-09,False
1361,2026-09-22,22,9,2026,Tuesday,September,3,39,2026-09,False
1362,2026-09-23,23,9,2026,Wednesday,September,3,39,2026-09,False
1363,2026-09-24,24,9,2026,Thursday,September,3,39,2026-09,False
1364,2026-09-25,25,9,2026,Friday,September,3,39,2026-09,False
1365,2026-09-26,26,9,2026,Saturday,September,3,39,2026-09,True
1366,2026-09-27,27,9,2026,Sunday,September,3,39,2026-09,True
1367,2026-09-28,28,9,2026,Monday,September,3,40,2026-09,False
1368,2026-09-29,29,9,2026,Tuesday,September,3,40,2026-09,False
1369,2026-09-30,30,9,2026,Wednesday,September,3,40,2026-09,False
1370,2026-10-01,1,10,2026,Thursday,October,4,40,2026-10,False
1371,2026-10-02,2,10,2026,Friday,October,4,40,2026-10,False
1372,2026-10-03,3,10,2026,Saturday,October,4,40,2026-10,True
1373,2026-10-04,4,10,2026,Sunday,October,4,40,2026-10,True
1374,2026-10-05,5,10,2026,Monday,October,4,41,2026-10,False
1375,2026-10-06,6,10,2026,Tuesday,October,4,41,2026-10,False
1376,2026-10-07,7,10,2026,Wednesday,October,4,41,2026-10,False
1377,2026-10-08,8,10,2026,Thursday,October,4,41,2026-10,False
1378,2026-10-09,9,10,2026,Friday,October,4,41,2026-10,False
1379,2026-10-10,10,10,2026,Saturday,October,4,41,2026-10,True
1380,2026-10-11,11,10,2026,Sunday,October,4,41,2026-10,True
1381,2026-10-12,12,10,2026,Monday,October,4,42,2026-10,False
1382,2026-10-13,13,10,2026,Tuesday,October,4,42,2026-10,False
1383,2026-10-14,14,10,2026,Wednesday,October,4,42,2026-10,False
1384,2026-10-15,15,10,2026,Thursday,October,4,42,2026-10,False
1385,2026-10-16,16,10,2026,Friday,October,4,42,2026-10,False
1386,2026-10-17,17,10,2026,Saturday,October,4,42,2026-10,True
1387,2026-10-18,18,10,2026,Sunday,October,4,42,2026-10,True
1388,2026-10-19,19,10,2026,Monday,October,4,43,2026-10,False
1389,2026-10-20,20,10,2026,Tuesday,October,4,43,2026-10,False
1390,2026-10-21,21,10,2026,Wednesday,October,4,43,2026-10,False
1391,2026-10-22,22,10,2026,Thursday,October,4,43,2026-10,False
1392,2026-10-23,23,10,2026,Friday,October,4,43,2026-10,False
1393,2026-10-24,24,10,2026,Saturday,October,4,43,2026-10,True
1394,2026-10-25,25,10,2026,Sunday,October,4,43,2026-10,True
1395,2026-10-26,26,10,2026,Monday,October,4,44,2026-10,False
1396,2026-10-27,27,10,2026,Tuesday,October,4,44,2026-10,False
1397,2026-10-28,28,10,2026,Wednesday,October,4,44,2026-10,False
1398,2026-10-29,29,10,2026,Thursday,October,4,44,2026-10,False
1399,2026-10-30,30,10,2026,Friday,October,4,44,2026-10,False
1400,2026-10-31,31,10,2026,Saturday,October,4,44,2026-10,True
1401,2026-11-01,1,11,2026,Sunday,November,4,44,2026-11,True
1402,2026-11-02,2,11,2026,Monday,November,4,45,2026-11,False
1403,2026-11-03,3,11,2026,Tuesday,November,4,45,2026-11,False
1404,2026-11-04,4,11,2026,Wednesday,November,4,45,2026-11,False
1405,2026-11-05,5,11,2026,Thursday,November,4,45,2026-11,False
1406,2026-11-06,6,11,2026,Friday,November,4,45,2026-11,False
1407,2026-11-07,7,11,2026,Saturday,November,4,45,2026-11,True
1408,2026-11-08,8,11,2026,Sunday,November,4,45,2026-11,True
1409,2026-11-09,9,11,2026,Monday,November,4,46,2026-11,False
1410,2026-11-10,10,11,2026,Tuesday,November,4,46,2026-11,False
1411,2026-11-11,11,11,2026,Wednesday,November,4,46,2026-11,False
1412,2026-11-12,12,11,2026,Thursday,November,4,46,2026-11,False
1413,2026-11-13,13,11,2026,Friday,November,4,46,2026-11,False
1414,2026-11-14,14,11,2026,Saturday,November,4,46,2026-11,True
1415,2026-11-15,15,11,2026,Sunday,November,4,46,2026-11,True
1416,2026-11-16,16,11,2026,Monday,November,4,47,2026-11,False
1417,2026-11-17,17,11,2026,Tuesday,November,4,47,2026-11,False
1418,2026-11-18,18,11,2026,Wednesday,November,4,47,2026-11,False
1419,2026-11-19,19,11,2026,Thursday,November,4,47,2026-11,False
1420,2026-11-20,20,11,2026,Friday,November,4,47,2026-11,False
1421,2026-11-21,21,11,2026,Saturday,November,4,47,2026-11,True
1422,2026-11-22,22,11,2026,Sunday,November,4,47,2026-11,True
1423,2026-11-23,23,11,2026,Monday,November,4,48,2026-11,False
1424,2026-11-24,24,11,2026,Tuesday,November,4,48,2026-11,False
1425,2026-11-25,25,11,2026,Wednesday,November,4,48,2026-11,False
1426,2026-11-26,26,11,2026,Thursday,November,4,48,2026-11,False
1427,2026-11-27,27,11,2026,Friday,November,4,48,2026-11,False
1428,2026-11-28,28,11,2026,Saturday,November,4,48,2026-11,True
1429,2026-11-29,29,11,2026,Sunday,November,4,48,2026-11,True
1430,2026-11-30,30,11,2026,Monday,November,4,49,2026-11,False
1431,2026-12-01,1,12,2026,Tuesday,December,4,49,2026-12,False
1432,2026-12-02,2,12,2026,Wednesday,December,4,49,2026-12,False
1433,2026-12-03,3,12,2026,Thursday,December,4,49,2026-12,False
1434,2026-12-04,4,12,2026,Friday,December,4,49,2026-12,False
1435,2026-12-05,5,12,2026,Saturday,December,4,49,2026-12,True
1436,2026-12-06,6,12,2026,Sunday,December,4,49,2026-12,True
1437,2026-12-07,7,12,2026,Monday,December,4,50,2026-12,False
1438,2026-12-08,8,12,2026,Tuesday,December,4,50,2026-12,False
1439,2026-12-09,9,12,2026,Wednesday,December,4,50,2026-12,False
1440,2026-12-10,10,12,2026,Thursday,December,4,50,2026-12,False
1441,2026-12-11,11,12,2026,Friday,December,4,50,2026-12,False
1442,2026-12-12,12,12,2026,Saturday,December,4,50,2026-12,True
1443,2026-12-13,13,12,2026,Sunday,December,4,50,2026-12,True
1444,2026-12-14,14,12,2026,Monday,December,4,51,2026-12,False
1445,2026-12-15,15,12,2026,Tuesday,December,4,51,2026-12,False
1446,2026-12-16,16,12,2026,Wednesday,December,4,51,2026-12,False
1447,2026-12-17,17,12,2026,Thursday,December,4,51,2026-12,False
1448,2026-12-18,18,12,2026,Friday,December,4,51,2026-12,False
1449,2026-12-19,19,12,2026,Saturday,December,4,51,2026-12,True
1450,2026-12-20,20,12,2026,Sunday,December,4,51,2026-12,True
1451,2026-12-21,21,12,2026,Monday,December,4,52,2026-12,False
1452,2026-12-22,22,12,2026,Tuesday,December,4,52,2026-12,False
1453,2026-12-23,23,12,2026,Wednesday,December,4,52,2026-12,False
1454,2026-12-24,24,12,2026,Thursday,December,4,52,2026-12,False
1455,2026-12-25,25,12,2026,Friday,December,4,52,2026-12,False
1456,2026-12-26,26,12,2026,Saturday,December,4,52,2026-12,True
1457,2026-12-27,27,12,2026,Sunday,December,4,52,2026-12,True
1458,2026-12-28,28,12,2026,Monday,December,4,53,2026-12,False
1459,2026-12-29,29,12,2026,Tuesday,December,4,53,2026-12,False
1460,2026-12-30,30,12,2026,Wednesday,December,4,53,2026-12,False
1461,2026-12-31,31,12,2026,Thursday,December,4,53,2026-12,False
